CustomerID,FirstName,LastName,Gender,DOB,City,State,JoinDate,Occupation,AnnualIncome,CreditScore
1,Sneha,Nair,Female,1977-04-27,Ahmedabad,Gujarat,2018-10-24,Marketing Manager,897405,663
2,Dev,Gupta,Male,1976-05-08,Bengaluru,Karnataka,2018-12-19,Business Owner,2553941,766
3,Vihaan,Gupta,Male,1978-04-16,Chennai,Tamil Nadu,2024-05-05,Data Analyst,834083,676
4,Karan,Mehta,Male,1977-06-08,Chennai,Tamil Nadu,2020-06-24,Software Engineer,2067410,734
5,Neha,Deshmukh,Female,1983-07-22,Delhi,Delhi,2024-05-27,Doctor,2374944,792
6,Vihaan,Mehta,Male,1989-11-04,Jaipur,Rajasthan,2022-03-06,Data Analyst,1174351,706
7,Karan,Sharma,Male,1991-06-19,Jaipur,Rajasthan,2023-07-27,Student,139387,659
8,Pooja,Mehta,Female,2013-08-23,Indore,Madhya Pradesh,2022-01-21,Doctor,1720988,751
9,Aman,Reddy,Male,1980-05-01,Bengaluru,Karnataka,2024-06-10,Doctor,2301416,774
10,Shruti,Singh,Female,1979-07-22,Mysuru,Karnataka,2019-04-29,Marketing Manager,1576867,700
11,Sneha,Malhotra,Female,2010-10-27,Coimbatore,Tamil Nadu,2018-06-10,Student,20347,692
12,Kavya,Verma,Female,2017-07-19,Hyderabad,Telangana,2024-07-03,Sales Executive,472103,614
13,Pooja,Verma,Female,1978-10-26,Ahmedabad,Gujarat,2018-09-06,Nurse,717783,646
14,Isha,Verma,Female,2004-02-13,Chennai,Tamil Nadu,2018-04-03,Sales Executive,772731,641
15,Krishna,Sharma,Male,1998-10-10,Bengaluru,Karnataka,2019-06-14,Nurse,479821,635
16,Anjali,Chopra,Female,1980-03-20,Coimbatore,Tamil Nadu,2019-11-13,Sales Executive,821154,670
17,Anjali,Deshmukh,Female,2011-08-12,Kolkata,West Bengal,2024-03-03,Doctor,2681421,797
18,Diya,Malhotra,Female,1993-09-09,Chennai,Tamil Nadu,2019-09-11,Data Analyst,784777,641
19,Rahul,Kulkarni,Male,2016-06-30,Pune,Maharashtra,2024-08-10,Product Manager,1751019,721
20,Aditya,Nair,Male,2006-02-11,Delhi,Delhi,2024-11-02,Consultant,1568177,697
21,Krishna,Malhotra,Male,2023-03-01,Kolkata,West Bengal,2022-05-27,Business Owner,2473438,781
22,Krishna,Patil,Male,1978-07-28,Chennai,Tamil Nadu,2020-02-20,Data Analyst,818904,663
23,Vihaan,Iyer,Male,1977-09-14,Jaipur,Rajasthan,2019-02-24,Software Engineer,2088631,737
24,Atharva,Mehta,Male,1979-04-19,Pune,Maharashtra,2020-05-01,Consultant,1689010,707
25,Kavya,Mehta,Female,2015-07-11,Hyderabad,Telangana,2019-05-19,Data Analyst,1111776,685
26,Pooja,Joshi,Female,1985-12-01,Mumbai,Maharashtra,2019-02-23,Nurse,529639,660
27,Pooja,Chopra,Female,1987-06-22,Surat,Gujarat,2023-10-16,Software Engineer,1330367,705
28,Sneha,Verma,Female,1975-06-01,Delhi,Delhi,2023-12-04,Doctor,2548294,766
29,Riya,Iyer,Female,1987-12-22,Indore,Madhya Pradesh,2021-12-27,Teacher,877116,660
30,Karan,Reddy,Male,1990-06-30,Kochi,Kerala,2020-09-07,Business Owner,1751014,715
31,Kavya,Verma,Female,1975-06-30,Pune,Maharashtra,2021-02-18,Sales Executive,671764,636
32,Pooja,Reddy,Female,2004-05-06,Indore,Madhya Pradesh,2022-02-02,Data Analyst,831171,641
33,Krishna,Kulkarni,Male,1991-04-28,Hyderabad,Telangana,2023-05-31,Consultant,2179812,734
34,Anjali,Patil,Female,1980-08-05,Hyderabad,Telangana,2019-05-07,Business Owner,1636006,724
35,Sai,Reddy,Male,2002-10-26,Ahmedabad,Gujarat,2018-12-22,Nurse,557533,644
36,Shruti,Patel,Female,1987-03-29,Surat,Gujarat,2019-11-28,Product Manager,1257774,676
37,Nisha,Patil,Female,2015-07-18,Nagpur,Maharashtra,2021-12-06,Product Manager,2350623,782
38,Aarav,Sharma,Male,1982-03-17,Kochi,Kerala,2023-11-27,Nurse,423007,633
39,Rishi,Chopra,Male,1975-07-02,Bengaluru,Karnataka,2020-10-28,Teacher,657197,655
40,Nikhil,Mehta,Male,1996-04-03,Hyderabad,Telangana,2024-02-08,Business Owner,1349762,676
41,Anjali,Singh,Female,2019-05-08,Ahmedabad,Gujarat,2022-09-19,Marketing Manager,974230,680
42,Yash,Gupta,Male,2012-06-22,Pune,Maharashtra,2020-01-21,Consultant,908247,690
43,Aditya,Deshmukh,Male,1983-10-14,Coimbatore,Tamil Nadu,2024-03-29,Software Engineer,1583634,734
44,Nisha,Reddy,Female,2023-04-03,Mumbai,Maharashtra,2018-08-21,Teacher,550599,632
45,Nikhil,Patel,Male,2013-07-21,Delhi,Delhi,2024-04-19,Software Engineer,1032894,678
46,Meera,Gupta,Female,2018-12-08,Jaipur,Rajasthan,2020-03-27,Nurse,495325,639
47,Riya,Kulkarni,Female,2019-12-05,Surat,Gujarat,2020-11-29,Marketing Manager,1124858,685
48,Sai,Patel,Male,2012-08-26,Chennai,Tamil Nadu,2021-07-18,Data Analyst,1303757,685
49,Aditi,Kulkarni,Female,2000-02-25,Ahmedabad,Gujarat,2019-05-17,Product Manager,1967942,728
50,Anjali,Deshmukh,Female,1992-09-08,Coimbatore,Tamil Nadu,2019-01-21,Business Owner,2843719,793
51,Aditya,Verma,Male,2019-03-31,Chennai,Tamil Nadu,2022-07-13,Chartered Accountant,1783480,717
52,Kavya,Patel,Female,2005-10-26,Surat,Gujarat,2018-03-21,Chartered Accountant,2061927,755
53,Shruti,Sharma,Female,2002-09-23,Chennai,Tamil Nadu,2023-10-21,Consultant,1519612,718
54,Vihaan,Malhotra,Male,1993-06-29,Kochi,Kerala,2019-03-06,Data Analyst,878464,656
55,Dev,Reddy,Male,1997-04-01,Nagpur,Maharashtra,2019-06-15,Business Owner,1884684,738
56,Yash,Malhotra,Male,2024-03-06,Delhi,Delhi,2023-07-19,Nurse,521467,618
57,Ananya,Reddy,Female,1989-06-08,Surat,Gujarat,2022-10-09,Data Analyst,881986,640
58,Nikhil,Joshi,Male,1992-12-09,Mumbai,Maharashtra,2018-09-30,Doctor,1455176,710
59,Atharva,Gupta,Male,1997-01-07,Chennai,Tamil Nadu,2024-12-21,Product Manager,1290608,702
60,Vihaan,Deshmukh,Male,1977-07-04,Mysuru,Karnataka,2020-01-12,Teacher,677147,664
61,Riya,Reddy,Female,1999-01-01,Bengaluru,Karnataka,2022-12-31,Marketing Manager,1073083,670
62,Nisha,Sharma,Female,1976-04-20,Mysuru,Karnataka,2018-03-04,Software Engineer,1960433,753
63,Yash,Singh,Male,2013-02-04,Bengaluru,Karnataka,2019-03-12,Student,113292,676
64,Riya,Joshi,Female,1992-04-17,Surat,Gujarat,2020-07-29,Chartered Accountant,1316545,716
65,Sai,Iyer,Male,1984-08-19,Pune,Maharashtra,2018-02-28,Data Analyst,1255830,714
66,Neha,Deshmukh,Female,1980-07-26,Pune,Maharashtra,2022-04-10,Marketing Manager,1291256,707
67,Aman,Joshi,Male,2014-03-17,Pune,Maharashtra,2020-01-30,Product Manager,1764210,732
68,Arjun,Iyer,Male,2022-01-25,Hyderabad,Telangana,2021-08-18,Teacher,386120,622
69,Atharva,Deshmukh,Male,2003-01-27,Pune,Maharashtra,2022-04-13,Data Analyst,1097699,672
70,Rohan,Gupta,Male,1973-06-07,Kochi,Kerala,2019-01-08,Doctor,2913466,793
71,Sai,Mehta,Male,2008-05-01,Pune,Maharashtra,2018-04-03,Doctor,1838047,749
72,Vihaan,Mehta,Male,1986-12-01,Delhi,Delhi,2024-09-09,Business Owner,2167908,779
73,Sneha,Joshi,Female,1985-12-22,Surat,Gujarat,2018-06-29,Nurse,618949,660
74,Shruti,Verma,Female,2018-05-05,Kochi,Kerala,2019-07-25,Marketing Manager,1757742,739
75,Rishi,Patil,Male,1993-08-13,Jaipur,Rajasthan,2018-12-15,Software Engineer,987791,655
76,Aditi,Nair,Female,2013-06-26,Kolkata,West Bengal,2024-04-06,Software Engineer,939511,683
77,Krishna,Joshi,Male,2013-12-25,Pune,Maharashtra,2018-10-15,Nurse,613701,654
78,Rahul,Gupta,Male,2015-07-02,Mumbai,Maharashtra,2020-10-29,Data Analyst,878457,654
79,Rohan,Verma,Male,2014-04-15,Ahmedabad,Gujarat,2023-07-17,Business Owner,1121870,687
80,Nisha,Sharma,Female,1990-10-11,Jaipur,Rajasthan,2018-11-14,Consultant,1209172,684
81,Diya,Verma,Female,2000-04-19,Surat,Gujarat,2024-12-19,Consultant,1179846,661
82,Ananya,Singh,Female,1981-12-01,Mysuru,Karnataka,2020-06-10,Student,128349,624
83,Pooja,Singh,Female,1983-08-15,Coimbatore,Tamil Nadu,2024-02-28,Teacher,676814,629
84,Ananya,Joshi,Female,1979-11-06,Coimbatore,Tamil Nadu,2023-09-07,Sales Executive,681707,648
85,Dev,Malhotra,Male,1979-09-06,Bengaluru,Karnataka,2024-07-09,Data Analyst,748625,676
86,Kavya,Deshmukh,Female,2018-08-18,Jaipur,Rajasthan,2021-02-19,Data Analyst,1337502,696
87,Krishna,Malhotra,Male,2016-08-07,Indore,Madhya Pradesh,2022-06-03,Software Engineer,1233584,665
88,Diya,Singh,Female,2000-01-29,Chennai,Tamil Nadu,2019-07-31,Business Owner,2242673,763
89,Aditi,Chopra,Female,1973-02-22,Hyderabad,Telangana,2021-08-22,Chartered Accountant,1735210,709
90,Aman,Sharma,Male,1998-12-28,Indore,Madhya Pradesh,2020-11-03,Chartered Accountant,1036267,675
91,Sanya,Mehta,Female,2005-05-07,Mumbai,Maharashtra,2022-10-20,Doctor,2991503,797
92,Aditi,Sharma,Female,1998-08-12,Kolkata,West Bengal,2019-09-02,Teacher,628636,648
93,Priya,Reddy,Female,2011-05-13,Hyderabad,Telangana,2018-04-29,Student,104868,691
94,Aman,Patel,Male,2009-11-06,Pune,Maharashtra,2023-01-21,Consultant,1190607,703
95,Pooja,Sharma,Female,2022-05-04,Indore,Madhya Pradesh,2019-06-06,Product Manager,2190241,761
96,Isha,Joshi,Female,1996-04-30,Mysuru,Karnataka,2022-07-22,Student,62564,627
97,Riya,Patil,Female,1983-09-24,Chennai,Tamil Nadu,2019-11-17,Student,42377,569
98,Yash,Malhotra,Male,2017-08-01,Kochi,Kerala,2024-03-04,Teacher,824990,656
99,Neha,Deshmukh,Female,1990-04-01,Delhi,Delhi,2020-09-26,Data Analyst,783181,653
100,Atharva,Kulkarni,Male,1996-03-01,Hyderabad,Telangana,2024-05-22,Teacher,371057,649
101,Neha,Nair,Female,2020-01-05,Surat,Gujarat,2020-05-10,Business Owner,1933468,737
102,Krishna,Joshi,Male,2005-04-19,Jaipur,Rajasthan,2019-05-31,Student,131962,685
103,Vihaan,Joshi,Male,1995-04-12,Indore,Madhya Pradesh,2022-04-25,Business Owner,2670065,797
104,Sanya,Chopra,Female,1974-12-11,Kolkata,West Bengal,2019-06-06,Software Engineer,1791708,751
105,Meera,Singh,Female,1979-07-20,Pune,Maharashtra,2022-05-23,Marketing Manager,1681784,726
106,Nikhil,Patel,Male,1986-11-02,Bengaluru,Karnataka,2019-09-15,Marketing Manager,928359,689
107,Aditi,Gupta,Female,1976-07-14,Kochi,Kerala,2018-01-06,Product Manager,1687748,734
108,Rahul,Verma,Male,1984-06-20,Mysuru,Karnataka,2020-10-28,Marketing Manager,1617358,737
109,Vihaan,Patel,Male,2020-01-14,Mysuru,Karnataka,2024-07-15,Teacher,756933,646
110,Nikhil,Mehta,Male,1973-12-04,Pune,Maharashtra,2024-01-11,Doctor,2166138,750
111,Diya,Chopra,Female,1994-09-24,Indore,Madhya Pradesh,2023-05-01,Marketing Manager,1192344,697
112,Aarav,Nair,Male,2000-07-25,Surat,Gujarat,2018-08-15,Software Engineer,1307089,701
113,Aditi,Joshi,Female,2011-01-21,Bengaluru,Karnataka,2022-02-25,Teacher,866888,640
114,Shruti,Nair,Female,2008-07-18,Hyderabad,Telangana,2020-03-22,Software Engineer,1512601,732
115,Rohan,Singh,Male,2000-12-14,Bengaluru,Karnataka,2020-03-05,Teacher,837707,650
116,Nisha,Malhotra,Female,1982-10-07,Mysuru,Karnataka,2024-12-29,Sales Executive,596412,632
117,Neha,Malhotra,Female,1978-01-18,Ahmedabad,Gujarat,2024-09-02,Product Manager,2025145,726
118,Aarav,Mehta,Male,2010-04-03,Nagpur,Maharashtra,2018-08-01,Nurse,381528,613
119,Pooja,Malhotra,Female,2001-03-05,Surat,Gujarat,2019-04-09,Data Analyst,773679,652
120,Aditya,Patil,Male,2020-01-26,Indore,Madhya Pradesh,2023-03-31,Software Engineer,1553948,730
121,Sanya,Iyer,Female,2012-09-05,Hyderabad,Telangana,2019-11-25,Data Analyst,603010,624
122,Aditi,Iyer,Female,1984-02-01,Chennai,Tamil Nadu,2024-04-17,Teacher,748594,651
123,Sanya,Reddy,Female,1980-11-10,Chennai,Tamil Nadu,2018-07-21,Nurse,598231,630
124,Riya,Malhotra,Female,1990-04-22,Coimbatore,Tamil Nadu,2021-08-17,Chartered Accountant,1895170,714
125,Priya,Reddy,Female,2009-04-20,Ahmedabad,Gujarat,2018-06-16,Business Owner,946189,673
126,Nikhil,Malhotra,Male,1996-01-17,Pune,Maharashtra,2020-03-09,Nurse,382952,641
127,Kavya,Joshi,Female,1976-11-24,Hyderabad,Telangana,2020-12-09,Nurse,725723,672
128,Anjali,Joshi,Female,1973-04-29,Mysuru,Karnataka,2024-09-05,Student,17126,556
129,Vihaan,Singh,Male,2014-10-09,Surat,Gujarat,2022-05-03,Doctor,2101645,760
130,Dev,Singh,Male,1973-10-08,Nagpur,Maharashtra,2021-05-27,Nurse,755174,639
131,Atharva,Chopra,Male,2014-04-29,Hyderabad,Telangana,2022-01-22,Consultant,1065706,685
132,Sai,Reddy,Male,1995-03-05,Nagpur,Maharashtra,2022-07-29,Data Analyst,1281098,670
133,Riya,Gupta,Female,1987-05-28,Hyderabad,Telangana,2022-10-14,Data Analyst,675670,640
134,Rohan,Patel,Male,2017-09-16,Chennai,Tamil Nadu,2023-01-05,Product Manager,1691145,707
135,Pooja,Mehta,Female,1994-01-24,Indore,Madhya Pradesh,2024-01-15,Student,31762,625
136,Isha,Mehta,Female,2006-06-13,Mysuru,Karnataka,2020-11-06,Nurse,486490,622
137,Priya,Deshmukh,Female,1994-02-11,Bengaluru,Karnataka,2019-09-21,Doctor,2412742,763
138,Aditi,Nair,Female,1995-01-20,Mysuru,Karnataka,2023-09-10,Marketing Manager,1185241,702
139,Rahul,Singh,Male,1982-03-03,Pune,Maharashtra,2018-01-19,Sales Executive,642340,650
140,Ananya,Malhotra,Female,1993-11-18,Mysuru,Karnataka,2019-05-04,Software Engineer,1297563,708
141,Dev,Patel,Male,2018-12-25,Hyderabad,Telangana,2019-12-30,Sales Executive,672575,673
142,Vihaan,Patil,Male,2004-05-11,Jaipur,Rajasthan,2020-06-10,Software Engineer,1673237,718
143,Aarav,Kulkarni,Male,1976-06-01,Mysuru,Karnataka,2024-09-21,Nurse,691648,638
144,Rishi,Iyer,Male,2006-05-06,Chennai,Tamil Nadu,2020-01-29,Consultant,1554721,693
145,Aarav,Reddy,Male,2022-02-26,Coimbatore,Tamil Nadu,2023-06-04,Data Analyst,1027997,656
146,Diya,Gupta,Female,2020-11-23,Nagpur,Maharashtra,2019-01-09,Student,42910,651
147,Neha,Joshi,Female,2000-08-01,Ahmedabad,Gujarat,2022-09-08,Software Engineer,1555070,736
148,Neha,Nair,Female,2005-08-16,Pune,Maharashtra,2020-03-18,Business Owner,2498581,771
149,Sai,Malhotra,Male,2011-01-02,Nagpur,Maharashtra,2019-04-11,Data Analyst,1025950,686
150,Pooja,Reddy,Female,1984-08-25,Nagpur,Maharashtra,2018-03-02,Software Engineer,2056679,734
151,Aditi,Mehta,Female,2006-04-04,Jaipur,Rajasthan,2023-08-29,Product Manager,1505946,707
152,Sneha,Gupta,Female,1979-01-03,Nagpur,Maharashtra,2019-03-22,Business Owner,2857346,832
153,Arjun,Deshmukh,Male,1976-11-21,Kolkata,West Bengal,2023-06-01,Chartered Accountant,1011934,687
154,Aditi,Malhotra,Female,1987-05-14,Surat,Gujarat,2020-06-28,Consultant,1748265,742
155,Rishi,Singh,Male,2023-09-18,Nagpur,Maharashtra,2020-06-12,Software Engineer,1738327,735
156,Sai,Iyer,Male,1986-05-25,Mumbai,Maharashtra,2020-10-08,Nurse,777635,644
157,Dev,Gupta,Male,1976-05-29,Kolkata,West Bengal,2021-08-20,Data Analyst,1008773,686
158,Riya,Chopra,Female,2000-06-17,Ahmedabad,Gujarat,2022-09-17,Doctor,2421852,767
159,Neha,Patil,Female,2013-01-26,Hyderabad,Telangana,2023-08-25,Sales Executive,587447,619
160,Karan,Singh,Male,1994-02-03,Coimbatore,Tamil Nadu,2023-01-05,Consultant,1861101,722
161,Neha,Patel,Female,1984-07-06,Mumbai,Maharashtra,2022-01-08,Business Owner,2332314,751
162,Riya,Gupta,Female,1976-08-23,Ahmedabad,Gujarat,2018-06-16,Student,34149,571
163,Nisha,Verma,Female,1980-02-29,Delhi,Delhi,2018-08-11,Marketing Manager,1492435,725
164,Aarav,Chopra,Male,1982-10-26,Mumbai,Maharashtra,2020-03-04,Product Manager,2231526,756
165,Rahul,Reddy,Male,1992-10-28,Surat,Gujarat,2018-09-26,Chartered Accountant,2180195,782
166,Sneha,Iyer,Female,1997-08-28,Indore,Madhya Pradesh,2023-02-13,Product Manager,1733015,734
167,Priya,Mehta,Female,2018-05-20,Mysuru,Karnataka,2020-08-30,Chartered Accountant,1680700,700
168,Aditya,Nair,Male,1997-12-11,Nagpur,Maharashtra,2021-09-04,Business Owner,1507755,735
169,Aditi,Reddy,Female,1977-05-06,Delhi,Delhi,2022-01-13,Sales Executive,982148,680
170,Arjun,Gupta,Male,2008-05-10,Ahmedabad,Gujarat,2022-03-02,Doctor,1987983,743
171,Atharva,Iyer,Male,1980-04-15,Kochi,Kerala,2022-12-17,Teacher,535342,653
172,Arjun,Chopra,Male,1995-09-29,Delhi,Delhi,2021-06-24,Student,81959,550
173,Rohan,Deshmukh,Male,2011-10-07,Mysuru,Karnataka,2022-09-07,Marketing Manager,1463570,685
174,Krishna,Kulkarni,Male,1977-01-28,Jaipur,Rajasthan,2018-04-02,Software Engineer,905485,677
175,Isha,Patel,Female,2005-01-11,Delhi,Delhi,2023-12-28,Teacher,783311,669
176,Meera,Deshmukh,Female,2005-11-04,Bengaluru,Karnataka,2024-12-30,Sales Executive,566328,624
177,Dev,Reddy,Male,1986-05-20,Bengaluru,Karnataka,2023-01-21,Data Analyst,666761,663
178,Rishi,Patil,Male,1997-03-10,Kochi,Kerala,2022-07-05,Doctor,1224108,667
179,Meera,Patil,Female,2012-10-18,Jaipur,Rajasthan,2024-10-01,Marketing Manager,1733584,717
180,Dev,Sharma,Male,1978-07-05,Pune,Maharashtra,2023-12-18,Software Engineer,1751420,714
181,Aditya,Sharma,Male,1982-05-26,Indore,Madhya Pradesh,2018-02-20,Consultant,2055369,767
182,Aditya,Nair,Male,2019-06-26,Bengaluru,Karnataka,2024-10-26,Student,132893,656
183,Yash,Joshi,Male,1999-12-05,Mumbai,Maharashtra,2018-07-18,Nurse,760503,660
184,Sai,Chopra,Male,2014-09-23,Chennai,Tamil Nadu,2018-11-26,Nurse,693687,653
185,Rohan,Patel,Male,1993-10-29,Mysuru,Karnataka,2018-06-08,Data Analyst,951814,691
186,Shruti,Sharma,Female,2022-09-02,Mysuru,Karnataka,2022-11-22,Student,137165,617
187,Diya,Malhotra,Female,1992-06-15,Indore,Madhya Pradesh,2018-12-16,Marketing Manager,731934,638
188,Anjali,Kulkarni,Female,1991-03-07,Kolkata,West Bengal,2019-10-15,Nurse,521374,625
189,Kavya,Mehta,Female,2007-01-11,Bengaluru,Karnataka,2024-01-06,Sales Executive,895075,673
190,Rishi,Sharma,Male,1993-12-19,Chennai,Tamil Nadu,2024-05-25,Doctor,2855077,797
191,Meera,Mehta,Female,2023-09-11,Mumbai,Maharashtra,2019-12-04,Product Manager,1269024,669
192,Vihaan,Mehta,Male,1987-07-04,Indore,Madhya Pradesh,2021-11-13,Product Manager,1260256,668
193,Aditya,Verma,Male,1976-10-24,Ahmedabad,Gujarat,2018-10-05,Nurse,374478,606
194,Priya,Chopra,Female,2020-11-19,Kolkata,West Bengal,2018-09-28,Nurse,551244,621
195,Rohan,Kulkarni,Male,1976-01-10,Mumbai,Maharashtra,2018-05-22,Student,22929,623
196,Aditi,Deshmukh,Female,1991-05-19,Mumbai,Maharashtra,2021-04-21,Chartered Accountant,1605724,719
197,Ananya,Iyer,Female,1998-05-05,Mysuru,Karnataka,2018-07-18,Nurse,748381,652
198,Nisha,Mehta,Female,2015-09-13,Delhi,Delhi,2021-03-24,Consultant,964972,695
199,Ananya,Nair,Female,1981-10-22,Delhi,Delhi,2021-11-21,Sales Executive,450454,642
200,Aman,Chopra,Male,1981-02-21,Kolkata,West Bengal,2024-06-11,Doctor,1557294,716
201,Yash,Kulkarni,Male,1977-10-30,Mysuru,Karnataka,2018-01-18,Chartered Accountant,1929330,722
202,Shruti,Reddy,Female,1989-07-17,Kolkata,West Bengal,2023-07-19,Consultant,1628101,726
203,Meera,Deshmukh,Female,1992-04-01,Mysuru,Karnataka,2020-08-06,Sales Executive,573844,624
204,Krishna,Reddy,Male,2023-05-05,Surat,Gujarat,2019-03-05,Student,85627,641
205,Sai,Malhotra,Male,1980-09-19,Chennai,Tamil Nadu,2022-09-26,Student,6599,645
206,Arjun,Joshi,Male,2021-11-16,Chennai,Tamil Nadu,2023-08-15,Product Manager,1995460,761
207,Krishna,Deshmukh,Male,1976-01-11,Delhi,Delhi,2021-11-28,Consultant,1585056,724
208,Rishi,Chopra,Male,2022-08-31,Coimbatore,Tamil Nadu,2021-08-17,Product Manager,2171310,762
209,Meera,Kulkarni,Female,2002-12-16,Nagpur,Maharashtra,2023-03-08,Student,62374,679
210,Arjun,Joshi,Male,1986-11-09,Kochi,Kerala,2019-10-01,Teacher,692425,663
211,Sneha,Kulkarni,Female,1989-12-20,Hyderabad,Telangana,2020-11-25,Nurse,403375,614
212,Rohan,Nair,Male,1986-04-18,Nagpur,Maharashtra,2021-05-22,Nurse,505925,639
213,Priya,Patel,Female,1982-07-29,Ahmedabad,Gujarat,2021-02-24,Teacher,757205,659
214,Aarav,Nair,Male,2012-02-25,Kolkata,West Bengal,2020-06-30,Marketing Manager,1321204,700
215,Aditya,Joshi,Male,2009-04-18,Jaipur,Rajasthan,2018-01-23,Nurse,477026,636
216,Sanya,Kulkarni,Female,1993-06-30,Ahmedabad,Gujarat,2020-01-14,Student,32562,666
217,Kavya,Joshi,Female,1981-10-07,Ahmedabad,Gujarat,2022-09-15,Teacher,769568,676
218,Arjun,Chopra,Male,2016-04-18,Chennai,Tamil Nadu,2023-02-08,Software Engineer,1758457,736
219,Dev,Patil,Male,1973-12-10,Hyderabad,Telangana,2022-05-12,Sales Executive,511547,614
220,Riya,Kulkarni,Female,1990-11-30,Nagpur,Maharashtra,2023-10-28,Chartered Accountant,1111994,692
221,Riya,Kulkarni,Female,2015-09-01,Surat,Gujarat,2023-09-29,Software Engineer,1675765,730
222,Neha,Verma,Female,1991-11-02,Coimbatore,Tamil Nadu,2020-01-23,Business Owner,2955000,839
223,Aman,Mehta,Male,1978-01-25,Hyderabad,Telangana,2020-10-31,Doctor,2000769,746
224,Aarav,Patel,Male,2010-09-19,Chennai,Tamil Nadu,2021-12-13,Consultant,1456075,687
225,Arjun,Verma,Male,2020-04-10,Chennai,Tamil Nadu,2020-06-15,Business Owner,2738257,788
226,Aditya,Malhotra,Male,1979-03-03,Kochi,Kerala,2020-03-02,Sales Executive,989356,693
227,Rishi,Deshmukh,Male,2010-01-24,Hyderabad,Telangana,2023-04-02,Doctor,2793600,814
228,Nikhil,Chopra,Male,2004-10-24,Coimbatore,Tamil Nadu,2020-08-01,Doctor,2676815,795
229,Neha,Patil,Female,2016-03-11,Nagpur,Maharashtra,2018-01-12,Nurse,768860,648
230,Priya,Patil,Female,2001-09-22,Mysuru,Karnataka,2023-05-19,Sales Executive,849307,676
231,Rahul,Malhotra,Male,1986-09-10,Hyderabad,Telangana,2021-05-26,Business Owner,1039339,656
232,Nisha,Deshmukh,Female,2003-12-14,Delhi,Delhi,2024-07-13,Software Engineer,924073,655
233,Rahul,Joshi,Male,1982-02-04,Mysuru,Karnataka,2024-06-27,Product Manager,1689981,709
234,Kavya,Reddy,Female,1991-09-12,Nagpur,Maharashtra,2022-07-07,Marketing Manager,1052138,691
235,Rahul,Malhotra,Male,2022-03-13,Indore,Madhya Pradesh,2021-05-01,Teacher,868480,682
236,Yash,Patel,Male,2012-05-02,Surat,Gujarat,2019-04-25,Marketing Manager,948350,660
237,Priya,Chopra,Female,2015-06-12,Nagpur,Maharashtra,2023-07-13,Marketing Manager,822587,665
238,Anjali,Deshmukh,Female,2017-01-26,Surat,Gujarat,2020-10-06,Sales Executive,572612,650
239,Aditya,Chopra,Male,2014-12-21,Hyderabad,Telangana,2024-04-23,Sales Executive,711235,656
240,Neha,Nair,Female,1979-10-02,Ahmedabad,Gujarat,2020-01-10,Student,94470,557
241,Karan,Sharma,Male,2002-08-20,Ahmedabad,Gujarat,2019-01-20,Marketing Manager,1715380,731
242,Aarav,Kulkarni,Male,2010-04-10,Surat,Gujarat,2019-06-04,Chartered Accountant,1098108,697
243,Kavya,Singh,Female,2020-02-19,Kochi,Kerala,2024-03-19,Teacher,647953,649
244,Neha,Joshi,Female,1977-09-19,Delhi,Delhi,2021-03-30,Doctor,1944863,748
245,Kavya,Gupta,Female,2018-06-03,Mysuru,Karnataka,2021-11-13,Teacher,866101,688
246,Atharva,Kulkarni,Male,1999-10-31,Hyderabad,Telangana,2019-06-07,Consultant,2231315,743
247,Sai,Verma,Male,2009-05-31,Delhi,Delhi,2024-02-12,Consultant,1004227,673
248,Aditi,Sharma,Female,1990-01-10,Pune,Maharashtra,2023-04-30,Consultant,2279957,745
249,Meera,Deshmukh,Female,1980-06-07,Ahmedabad,Gujarat,2020-05-20,Software Engineer,1860242,751
250,Vihaan,Patil,Male,1976-04-21,Nagpur,Maharashtra,2022-09-23,Data Analyst,1287569,669
251,Sanya,Chopra,Female,2000-09-27,Nagpur,Maharashtra,2024-04-21,Nurse,485267,629
252,Sai,Sharma,Male,1974-10-26,Hyderabad,Telangana,2022-10-31,Consultant,2245878,776
253,Krishna,Mehta,Male,1976-07-09,Delhi,Delhi,2019-05-02,Business Owner,3213072,850
254,Pooja,Patel,Female,2007-09-20,Pune,Maharashtra,2024-08-29,Consultant,2282856,751
255,Nisha,Nair,Female,1982-02-21,Delhi,Delhi,2018-12-06,Student,123782,604
256,Rahul,Sharma,Male,1973-06-01,Chennai,Tamil Nadu,2018-02-08,Student,31895,572
257,Rishi,Patel,Male,2015-05-13,Nagpur,Maharashtra,2018-03-14,Doctor,2708588,809
258,Krishna,Verma,Male,1989-10-20,Surat,Gujarat,2018-07-25,Chartered Accountant,1203666,709
259,Arjun,Patil,Male,2017-09-03,Delhi,Delhi,2023-03-02,Student,66597,563
260,Aarav,Sharma,Male,1980-02-19,Pune,Maharashtra,2022-05-13,Doctor,1855349,757
261,Rishi,Chopra,Male,1978-05-08,Coimbatore,Tamil Nadu,2021-07-19,Chartered Accountant,2105785,775
262,Pooja,Patil,Female,1985-12-27,Nagpur,Maharashtra,2019-04-24,Chartered Accountant,1243986,706
263,Pooja,Nair,Female,2013-08-09,Kochi,Kerala,2021-01-19,Consultant,1600208,710
264,Ananya,Mehta,Female,2002-10-11,Ahmedabad,Gujarat,2024-10-17,Nurse,358126,610
265,Meera,Nair,Female,1995-01-25,Indore,Madhya Pradesh,2022-03-23,Business Owner,2377896,787
266,Nikhil,Singh,Male,1973-02-20,Mysuru,Karnataka,2021-08-09,Doctor,1762084,731
267,Karan,Malhotra,Male,1976-10-12,Kolkata,West Bengal,2021-03-27,Product Manager,2399378,759
268,Sanya,Reddy,Female,2022-02-19,Kochi,Kerala,2023-08-10,Chartered Accountant,2021048,728
269,Nisha,Nair,Female,1993-12-25,Bengaluru,Karnataka,2021-06-21,Consultant,1020713,692
270,Pooja,Verma,Female,1995-11-04,Bengaluru,Karnataka,2024-07-29,Software Engineer,1707349,729
271,Yash,Reddy,Male,1978-08-10,Hyderabad,Telangana,2020-08-11,Business Owner,3230978,844
272,Anjali,Chopra,Female,2001-10-14,Delhi,Delhi,2023-05-07,Marketing Manager,1123351,669
273,Rohan,Patel,Male,1998-12-27,Nagpur,Maharashtra,2022-01-26,Consultant,2083697,749
274,Nisha,Gupta,Female,1986-05-10,Kolkata,West Bengal,2020-10-05,Software Engineer,1934459,739
275,Atharva,Patil,Male,1980-04-27,Coimbatore,Tamil Nadu,2019-10-02,Chartered Accountant,2152445,733
276,Isha,Gupta,Female,1974-11-01,Jaipur,Rajasthan,2019-01-21,Software Engineer,1329169,708
277,Meera,Mehta,Female,1996-06-16,Bengaluru,Karnataka,2021-02-20,Business Owner,1207299,691
278,Arjun,Chopra,Male,2003-05-22,Pune,Maharashtra,2020-04-03,Product Manager,1993147,726
279,Aarav,Sharma,Male,2006-02-24,Delhi,Delhi,2023-02-21,Sales Executive,467303,647
280,Anjali,Patel,Female,1981-01-21,Surat,Gujarat,2020-11-19,Chartered Accountant,2083792,741
281,Dev,Patil,Male,2008-04-03,Delhi,Delhi,2020-01-19,Sales Executive,567487,639
282,Aman,Kulkarni,Male,1976-06-14,Nagpur,Maharashtra,2020-11-14,Chartered Accountant,1024312,685
283,Rishi,Malhotra,Male,1996-02-15,Pune,Maharashtra,2023-10-04,Nurse,737748,670
284,Ananya,Patel,Female,2001-06-27,Nagpur,Maharashtra,2018-01-24,Teacher,663306,660
285,Nisha,Patil,Female,2015-03-21,Mumbai,Maharashtra,2021-08-19,Chartered Accountant,1438990,704
286,Atharva,Singh,Male,1988-02-10,Chennai,Tamil Nadu,2022-12-13,Teacher,500102,654
287,Krishna,Verma,Male,1990-06-29,Indore,Madhya Pradesh,2018-05-28,Product Manager,1662531,700
288,Anjali,Verma,Female,2013-02-10,Nagpur,Maharashtra,2019-02-02,Business Owner,891167,680
289,Krishna,Iyer,Male,1993-12-20,Hyderabad,Telangana,2023-05-10,Data Analyst,1258697,690
290,Atharva,Kulkarni,Male,1978-01-28,Surat,Gujarat,2020-01-09,Nurse,586651,653
291,Krishna,Chopra,Male,1996-11-20,Nagpur,Maharashtra,2022-09-10,Business Owner,1834973,718
292,Arjun,Mehta,Male,1999-08-05,Kolkata,West Bengal,2021-10-02,Product Manager,1746669,734
293,Atharva,Singh,Male,2016-04-08,Indore,Madhya Pradesh,2019-04-13,Product Manager,2276798,744
294,Yash,Singh,Male,1998-09-01,Kolkata,West Bengal,2019-05-04,Doctor,2783036,791
295,Neha,Joshi,Female,1994-05-09,Bengaluru,Karnataka,2019-02-04,Business Owner,2013951,748
296,Aarav,Chopra,Male,1999-04-28,Surat,Gujarat,2019-08-15,Student,4201,663
297,Riya,Deshmukh,Female,1973-02-28,Coimbatore,Tamil Nadu,2023-11-27,Doctor,1589694,714
298,Ananya,Malhotra,Female,1992-07-27,Chennai,Tamil Nadu,2021-02-07,Consultant,1278926,676
299,Yash,Reddy,Male,1988-09-28,Bengaluru,Karnataka,2020-03-16,Consultant,1066234,658
300,Nisha,Joshi,Female,1991-06-22,Nagpur,Maharashtra,2019-07-16,Consultant,2304881,789
301,Karan,Joshi,Male,1973-11-20,Bengaluru,Karnataka,2018-09-27,Nurse,734153,661
302,Sanya,Verma,Female,1977-12-15,Indore,Madhya Pradesh,2023-10-25,Chartered Accountant,1603006,710
303,Aditi,Sharma,Female,2015-09-30,Chennai,Tamil Nadu,2019-06-30,Student,69798,613
304,Karan,Chopra,Male,1976-04-11,Hyderabad,Telangana,2019-11-01,Nurse,544597,650
305,Atharva,Gupta,Male,2012-12-23,Indore,Madhya Pradesh,2023-10-14,Data Analyst,726638,650
306,Rishi,Chopra,Male,2001-10-13,Kolkata,West Bengal,2022-04-12,Consultant,1028362,668
307,Aman,Singh,Male,2019-01-15,Coimbatore,Tamil Nadu,2018-04-16,Marketing Manager,981797,647
308,Vihaan,Kulkarni,Male,1989-05-08,Jaipur,Rajasthan,2019-11-19,Data Analyst,927064,658
309,Aarav,Patel,Male,1990-06-28,Indore,Madhya Pradesh,2020-12-06,Software Engineer,2157029,773
310,Riya,Kulkarni,Female,2012-11-02,Surat,Gujarat,2019-02-26,Chartered Accountant,1096935,700
311,Aarav,Joshi,Male,2014-09-10,Mumbai,Maharashtra,2023-07-15,Consultant,1950160,766
312,Aditi,Patel,Female,2009-05-19,Mumbai,Maharashtra,2019-07-15,Marketing Manager,1176961,675
313,Rahul,Mehta,Male,2008-07-27,Coimbatore,Tamil Nadu,2019-11-05,Software Engineer,1715256,744
314,Meera,Chopra,Female,2020-02-22,Jaipur,Rajasthan,2018-05-29,Business Owner,1017960,698
315,Kavya,Nair,Female,2003-01-18,Bengaluru,Karnataka,2022-11-20,Consultant,1572409,715
316,Atharva,Gupta,Male,2004-09-10,Nagpur,Maharashtra,2020-10-18,Business Owner,3453693,828
317,Aditi,Gupta,Female,1979-03-15,Nagpur,Maharashtra,2021-08-21,Business Owner,1642152,727
318,Rohan,Deshmukh,Male,2008-08-10,Chennai,Tamil Nadu,2023-02-02,Student,12258,560
319,Rishi,Patil,Male,1996-10-30,Jaipur,Rajasthan,2024-12-28,Doctor,2517534,793
320,Karan,Patel,Male,1983-11-27,Mysuru,Karnataka,2023-11-02,Software Engineer,1809516,722
321,Arjun,Patel,Male,2004-03-02,Mysuru,Karnataka,2019-11-15,Data Analyst,663270,661
322,Aditi,Singh,Female,2020-11-17,Jaipur,Rajasthan,2019-08-31,Sales Executive,529939,645
323,Dev,Joshi,Male,2009-06-17,Indore,Madhya Pradesh,2024-06-22,Doctor,1774854,720
324,Aman,Gupta,Male,2013-09-24,Mysuru,Karnataka,2024-11-03,Nurse,648938,636
325,Priya,Gupta,Female,2005-11-23,Surat,Gujarat,2023-03-03,Marketing Manager,1336907,712
326,Pooja,Chopra,Female,1975-10-07,Mysuru,Karnataka,2020-09-19,Chartered Accountant,1364688,687
327,Meera,Nair,Female,2004-08-16,Pune,Maharashtra,2019-10-27,Teacher,689688,660
328,Pooja,Joshi,Female,1992-05-18,Mysuru,Karnataka,2021-04-25,Software Engineer,945688,654
329,Karan,Chopra,Male,2012-06-17,Hyderabad,Telangana,2018-09-12,Marketing Manager,1513458,713
330,Shruti,Reddy,Female,2019-09-21,Mumbai,Maharashtra,2020-07-11,Student,40506,656
331,Diya,Iyer,Female,1991-02-26,Nagpur,Maharashtra,2024-11-29,Consultant,1480381,716
332,Aman,Chopra,Male,2015-08-16,Surat,Gujarat,2021-01-05,Student,33363,655
333,Aarav,Nair,Male,2022-04-29,Kochi,Kerala,2024-07-27,Data Analyst,1122068,682
334,Sai,Chopra,Male,1998-01-17,Kochi,Kerala,2024-12-20,Consultant,1132838,682
335,Shruti,Singh,Female,2004-08-15,Mysuru,Karnataka,2021-04-14,Chartered Accountant,1719324,734
336,Diya,Iyer,Female,2017-10-21,Pune,Maharashtra,2022-04-09,Sales Executive,714596,638
337,Nisha,Deshmukh,Female,2024-08-11,Chennai,Tamil Nadu,2022-03-25,Consultant,1386407,681
338,Kavya,Chopra,Female,1994-10-04,Jaipur,Rajasthan,2021-08-27,Teacher,797162,633
339,Aarav,Joshi,Male,2017-08-09,Jaipur,Rajasthan,2021-05-13,Marketing Manager,1355189,708
340,Riya,Chopra,Female,2011-07-28,Delhi,Delhi,2022-05-15,Sales Executive,775088,633
341,Pooja,Sharma,Female,1979-02-11,Ahmedabad,Gujarat,2023-11-22,Teacher,453773,634
342,Riya,Nair,Female,2023-05-07,Ahmedabad,Gujarat,2024-06-09,Product Manager,1594713,717
343,Neha,Singh,Female,2003-10-14,Kochi,Kerala,2023-12-12,Nurse,777759,637
344,Atharva,Iyer,Male,1979-09-22,Hyderabad,Telangana,2021-06-26,Marketing Manager,1068230,660
345,Shruti,Iyer,Female,2018-08-22,Kolkata,West Bengal,2022-09-20,Student,40999,684
346,Sanya,Gupta,Female,2018-04-14,Bengaluru,Karnataka,2020-02-10,Business Owner,1565082,692
347,Atharva,Mehta,Male,1976-10-13,Ahmedabad,Gujarat,2022-08-13,Software Engineer,905828,660
348,Dev,Joshi,Male,1981-10-28,Chennai,Tamil Nadu,2024-07-29,Software Engineer,961933,657
349,Krishna,Reddy,Male,2023-11-10,Delhi,Delhi,2020-12-25,Student,139326,681
350,Karan,Kulkarni,Male,1983-11-21,Chennai,Tamil Nadu,2019-08-19,Product Manager,2287213,790
351,Aarav,Patel,Male,1988-04-15,Mumbai,Maharashtra,2023-11-11,Sales Executive,890227,679
352,Nisha,Reddy,Female,1974-02-09,Pune,Maharashtra,2024-06-28,Chartered Accountant,1201837,708
353,Atharva,Joshi,Male,1975-12-09,Nagpur,Maharashtra,2020-12-28,Student,26071,699
354,Atharva,Kulkarni,Male,2007-08-03,Coimbatore,Tamil Nadu,2018-03-22,Software Engineer,1361473,699
355,Krishna,Sharma,Male,1994-05-14,Jaipur,Rajasthan,2020-10-18,Teacher,396115,614
356,Atharva,Sharma,Male,2013-11-05,Indore,Madhya Pradesh,2021-05-28,Business Owner,3327288,835
357,Aditi,Kulkarni,Female,2007-12-16,Ahmedabad,Gujarat,2024-07-23,Teacher,783580,651
358,Anjali,Verma,Female,1974-12-31,Coimbatore,Tamil Nadu,2020-09-23,Data Analyst,781893,642
359,Neha,Deshmukh,Female,1999-01-25,Pune,Maharashtra,2022-06-11,Marketing Manager,1461132,689
360,Riya,Chopra,Female,2003-02-14,Chennai,Tamil Nadu,2022-07-10,Student,17156,581
361,Sanya,Malhotra,Female,2022-09-04,Hyderabad,Telangana,2020-09-30,Business Owner,1601932,721
362,Kavya,Kulkarni,Female,1976-02-14,Chennai,Tamil Nadu,2021-02-17,Student,6628,637
363,Rohan,Verma,Male,1981-04-19,Nagpur,Maharashtra,2020-03-15,Doctor,2342667,796
364,Yash,Singh,Male,1994-07-15,Coimbatore,Tamil Nadu,2019-10-15,Chartered Accountant,1640124,708
365,Neha,Patil,Female,1991-08-27,Jaipur,Rajasthan,2021-05-02,Sales Executive,929352,656
366,Rishi,Singh,Male,1984-09-25,Ahmedabad,Gujarat,2020-12-04,Consultant,1823474,745
367,Riya,Kulkarni,Female,2018-10-05,Chennai,Tamil Nadu,2020-05-20,Product Manager,1457506,724
368,Yash,Chopra,Male,2007-07-06,Mysuru,Karnataka,2018-04-28,Student,148814,587
369,Ananya,Nair,Female,1980-09-15,Surat,Gujarat,2019-12-27,Teacher,686631,637
370,Vihaan,Gupta,Male,2005-06-02,Indore,Madhya Pradesh,2023-08-12,Doctor,1604381,696
371,Aditi,Kulkarni,Female,1984-04-21,Mysuru,Karnataka,2022-06-23,Doctor,1946372,742
372,Nisha,Patil,Female,1984-11-04,Indore,Madhya Pradesh,2021-02-06,Product Manager,1262021,690
373,Anjali,Nair,Female,2014-06-27,Pune,Maharashtra,2020-10-14,Business Owner,2276871,781
374,Aditya,Joshi,Male,1997-04-16,Mumbai,Maharashtra,2024-10-30,Nurse,464919,654
375,Sai,Sharma,Male,1987-07-10,Jaipur,Rajasthan,2022-10-31,Teacher,667798,632
376,Shruti,Sharma,Female,2000-11-18,Delhi,Delhi,2020-01-06,Consultant,1377427,712
377,Shruti,Gupta,Female,2012-01-03,Mysuru,Karnataka,2024-06-14,Chartered Accountant,902037,648
378,Anjali,Sharma,Female,1977-03-27,Indore,Madhya Pradesh,2020-09-28,Student,29147,559
379,Priya,Reddy,Female,2003-12-31,Indore,Madhya Pradesh,2018-12-19,Business Owner,2451026,801
380,Arjun,Gupta,Male,2004-04-20,Mumbai,Maharashtra,2022-10-03,Sales Executive,756829,674
381,Riya,Sharma,Female,1991-06-20,Ahmedabad,Gujarat,2022-10-21,Student,134186,582
382,Nisha,Kulkarni,Female,2023-02-24,Pune,Maharashtra,2020-12-05,Product Manager,2345891,757
383,Yash,Joshi,Male,1978-04-25,Bengaluru,Karnataka,2019-11-20,Chartered Accountant,1628192,720
384,Rohan,Patil,Male,1985-04-18,Mysuru,Karnataka,2019-07-14,Student,127518,673
385,Aman,Kulkarni,Male,2019-03-24,Pune,Maharashtra,2022-12-28,Product Manager,1937067,761
386,Sneha,Malhotra,Female,1985-09-19,Surat,Gujarat,2024-08-03,Consultant,1404933,699
387,Yash,Nair,Male,1988-03-02,Kochi,Kerala,2019-09-27,Consultant,1867162,760
388,Sanya,Kulkarni,Female,1998-12-12,Mumbai,Maharashtra,2018-02-20,Chartered Accountant,1920492,728
389,Aarav,Malhotra,Male,2000-04-02,Mysuru,Karnataka,2020-03-18,Data Analyst,1335705,691
390,Aditi,Deshmukh,Female,2012-12-01,Hyderabad,Telangana,2023-04-04,Consultant,1661215,714
391,Yash,Patel,Male,1973-12-16,Pune,Maharashtra,2023-04-04,Sales Executive,488050,657
392,Shruti,Mehta,Female,1982-10-01,Mysuru,Karnataka,2023-06-26,Business Owner,2848260,795
393,Ananya,Iyer,Female,1981-02-23,Indore,Madhya Pradesh,2021-03-17,Student,65906,612
394,Aditya,Verma,Male,1975-04-04,Pune,Maharashtra,2022-06-08,Product Manager,1821418,731
395,Rahul,Gupta,Male,1988-02-07,Kolkata,West Bengal,2019-02-23,Nurse,785365,651
396,Neha,Deshmukh,Female,2004-12-12,Ahmedabad,Gujarat,2021-08-04,Teacher,736427,637
397,Sanya,Chopra,Female,1994-06-18,Mysuru,Karnataka,2018-08-25,Software Engineer,1124890,693
398,Anjali,Sharma,Female,2017-05-04,Bengaluru,Karnataka,2022-09-29,Sales Executive,565132,635
399,Aditya,Verma,Male,1987-09-02,Bengaluru,Karnataka,2019-07-21,Sales Executive,820883,640
400,Rishi,Singh,Male,1990-02-08,Coimbatore,Tamil Nadu,2020-06-13,Nurse,545291,614
401,Rishi,Mehta,Male,2018-11-09,Kolkata,West Bengal,2022-10-09,Product Manager,1794032,710
402,Yash,Verma,Male,2003-05-16,Chennai,Tamil Nadu,2018-09-14,Sales Executive,409225,647
403,Dev,Verma,Male,2006-12-22,Nagpur,Maharashtra,2021-04-26,Software Engineer,1829364,745
404,Meera,Kulkarni,Female,1980-08-13,Coimbatore,Tamil Nadu,2024-02-01,Chartered Accountant,1983766,749
405,Riya,Malhotra,Female,1986-11-02,Ahmedabad,Gujarat,2022-07-02,Consultant,2199960,741
406,Aman,Patil,Male,1999-08-21,Hyderabad,Telangana,2024-05-03,Consultant,1783199,728
407,Diya,Patil,Female,1999-11-03,Nagpur,Maharashtra,2021-11-07,Marketing Manager,758388,642
408,Rahul,Verma,Male,1980-08-19,Coimbatore,Tamil Nadu,2019-08-25,Student,97520,692
409,Kavya,Gupta,Female,2023-08-29,Bengaluru,Karnataka,2022-12-13,Business Owner,1895054,720
410,Aditya,Malhotra,Male,2022-02-28,Bengaluru,Karnataka,2019-04-05,Teacher,615803,661
411,Rohan,Gupta,Male,1995-07-22,Ahmedabad,Gujarat,2023-06-28,Teacher,830410,649
412,Aman,Gupta,Male,2023-11-04,Indore,Madhya Pradesh,2018-11-25,Business Owner,1108168,684
413,Rishi,Gupta,Male,2018-06-30,Delhi,Delhi,2019-04-15,Student,135045,576
414,Sanya,Patil,Female,2021-10-26,Chennai,Tamil Nadu,2019-12-03,Teacher,848187,686
415,Aditya,Iyer,Male,1978-02-24,Kochi,Kerala,2022-07-15,Teacher,399515,627
416,Aarav,Verma,Male,1992-02-09,Jaipur,Rajasthan,2023-02-26,Doctor,1452785,726
417,Sai,Malhotra,Male,1980-11-08,Indore,Madhya Pradesh,2024-12-19,Teacher,470283,655
418,Sneha,Iyer,Female,2003-08-13,Surat,Gujarat,2018-02-17,Doctor,1457367,696
419,Riya,Verma,Female,2005-01-04,Delhi,Delhi,2023-06-26,Software Engineer,2166249,755
420,Atharva,Gupta,Male,1983-02-14,Hyderabad,Telangana,2018-05-20,Student,63556,615
421,Priya,Verma,Female,1974-11-24,Coimbatore,Tamil Nadu,2024-07-09,Sales Executive,519093,663
422,Krishna,Patel,Male,1996-03-03,Mumbai,Maharashtra,2020-01-29,Product Manager,2362338,766
423,Sanya,Deshmukh,Female,1995-06-10,Jaipur,Rajasthan,2024-01-15,Nurse,749215,646
424,Ananya,Sharma,Female,1986-07-12,Hyderabad,Telangana,2023-06-19,Marketing Manager,1714957,702
425,Vihaan,Deshmukh,Male,2008-03-16,Jaipur,Rajasthan,2023-05-03,Product Manager,2140755,756
426,Rishi,Mehta,Male,1979-10-18,Delhi,Delhi,2022-01-18,Chartered Accountant,2007840,735
427,Anjali,Deshmukh,Female,1976-11-26,Jaipur,Rajasthan,2020-05-15,Product Manager,1957040,764
428,Kavya,Mehta,Female,2007-10-15,Coimbatore,Tamil Nadu,2021-12-19,Chartered Accountant,912557,662
429,Kavya,Kulkarni,Female,1995-04-21,Pune,Maharashtra,2023-02-25,Consultant,995171,687
430,Aman,Patil,Male,1997-06-13,Nagpur,Maharashtra,2022-04-24,Doctor,1333133,704
431,Kavya,Mehta,Female,2020-05-15,Jaipur,Rajasthan,2024-07-21,Product Manager,1271537,703
432,Rishi,Kulkarni,Male,2011-03-25,Kochi,Kerala,2024-05-30,Student,25950,642
433,Nisha,Reddy,Female,1985-08-25,Bengaluru,Karnataka,2018-10-23,Doctor,2800823,801
434,Riya,Chopra,Female,1994-12-26,Ahmedabad,Gujarat,2021-12-06,Marketing Manager,1551364,709
435,Aman,Iyer,Male,2001-12-25,Ahmedabad,Gujarat,2023-05-27,Marketing Manager,1470253,697
436,Atharva,Deshmukh,Male,1991-05-31,Nagpur,Maharashtra,2018-01-30,Student,118784,653
437,Neha,Mehta,Female,2000-02-13,Kochi,Kerala,2019-11-23,Consultant,1039094,660
438,Shruti,Joshi,Female,2024-04-17,Mysuru,Karnataka,2024-03-08,Student,89251,568
439,Karan,Malhotra,Male,1989-01-09,Mumbai,Maharashtra,2021-05-31,Consultant,1641321,724
440,Nisha,Verma,Female,1979-01-24,Chennai,Tamil Nadu,2023-06-08,Chartered Accountant,1267490,684
441,Riya,Sharma,Female,1987-10-02,Kochi,Kerala,2021-01-02,Teacher,371040,615
442,Sai,Singh,Male,1998-05-06,Bengaluru,Karnataka,2023-08-18,Student,26101,600
443,Aman,Sharma,Male,1977-05-07,Nagpur,Maharashtra,2018-11-21,Data Analyst,1203436,684
444,Aarav,Kulkarni,Male,2021-02-27,Mysuru,Karnataka,2018-03-03,Student,84645,557
445,Atharva,Iyer,Male,1975-06-02,Kolkata,West Bengal,2023-06-15,Business Owner,3357630,850
446,Sneha,Sharma,Female,2010-02-25,Kolkata,West Bengal,2018-07-06,Data Analyst,1256734,706
447,Nisha,Singh,Female,2008-10-31,Jaipur,Rajasthan,2020-11-18,Sales Executive,414260,606
448,Meera,Patil,Female,1978-01-05,Hyderabad,Telangana,2022-08-28,Consultant,2389279,796
449,Sneha,Patel,Female,1987-01-01,Pune,Maharashtra,2020-05-12,Product Manager,2310404,793
450,Atharva,Chopra,Male,2010-12-16,Hyderabad,Telangana,2021-11-10,Marketing Manager,1021723,691
451,Priya,Verma,Female,1996-02-13,Jaipur,Rajasthan,2023-05-11,Software Engineer,1548550,729
452,Riya,Joshi,Female,2019-12-09,Hyderabad,Telangana,2023-12-10,Doctor,1476540,699
453,Yash,Singh,Male,2005-07-05,Mumbai,Maharashtra,2019-09-09,Student,59812,652
454,Dev,Sharma,Male,1985-01-08,Jaipur,Rajasthan,2019-05-16,Software Engineer,2039323,756
455,Yash,Reddy,Male,1996-03-26,Nagpur,Maharashtra,2024-10-18,Chartered Accountant,1213137,674
456,Yash,Sharma,Male,1994-10-02,Hyderabad,Telangana,2022-12-14,Sales Executive,623488,660
457,Anjali,Reddy,Female,2014-04-07,Chennai,Tamil Nadu,2020-05-18,Chartered Accountant,955516,651
458,Vihaan,Reddy,Male,2009-01-14,Ahmedabad,Gujarat,2021-12-07,Software Engineer,1378395,712
459,Neha,Malhotra,Female,2006-09-06,Indore,Madhya Pradesh,2020-07-06,Software Engineer,1428332,680
460,Shruti,Nair,Female,1993-09-29,Bengaluru,Karnataka,2021-12-22,Teacher,691883,673
461,Diya,Joshi,Female,2017-09-20,Mysuru,Karnataka,2020-06-06,Consultant,1228673,695
462,Nisha,Deshmukh,Female,1999-11-29,Kolkata,West Bengal,2021-03-03,Data Analyst,947632,644
463,Sanya,Malhotra,Female,1987-06-27,Bengaluru,Karnataka,2021-08-02,Student,118763,604
464,Dev,Reddy,Male,2005-04-26,Bengaluru,Karnataka,2018-07-09,Sales Executive,591152,645
465,Dev,Joshi,Male,1975-03-07,Ahmedabad,Gujarat,2019-04-02,Product Manager,1219767,672
466,Sneha,Gupta,Female,2004-07-15,Surat,Gujarat,2019-02-04,Product Manager,2174083,777
467,Aditi,Nair,Female,2008-07-29,Hyderabad,Telangana,2021-10-06,Software Engineer,2127408,746
468,Nikhil,Patil,Male,1974-05-14,Surat,Gujarat,2018-06-05,Product Manager,2258602,778
469,Karan,Nair,Male,1982-05-25,Surat,Gujarat,2018-03-23,Software Engineer,1563728,693
470,Vihaan,Singh,Male,2020-02-15,Nagpur,Maharashtra,2022-10-22,Software Engineer,1275350,682
471,Rahul,Verma,Male,2017-11-28,Delhi,Delhi,2019-04-06,Marketing Manager,1441495,711
472,Atharva,Kulkarni,Male,1993-01-29,Kolkata,West Bengal,2018-10-24,Doctor,2675519,782
473,Arjun,Joshi,Male,1976-11-11,Mumbai,Maharashtra,2020-03-15,Marketing Manager,800362,659
474,Isha,Sharma,Female,1976-09-13,Hyderabad,Telangana,2023-02-02,Marketing Manager,1291682,704
475,Shruti,Nair,Female,1997-01-31,Kolkata,West Bengal,2022-06-24,Business Owner,2134901,765
476,Neha,Deshmukh,Female,2007-07-26,Chennai,Tamil Nadu,2022-08-07,Product Manager,1211012,678
477,Shruti,Mehta,Female,2006-10-22,Surat,Gujarat,2020-09-13,Teacher,471808,614
478,Dev,Verma,Male,2009-05-24,Pune,Maharashtra,2024-04-06,Chartered Accountant,1827835,744
479,Pooja,Mehta,Female,2015-06-19,Pune,Maharashtra,2023-04-12,Marketing Manager,1417976,715
480,Priya,Chopra,Female,2006-12-22,Ahmedabad,Gujarat,2021-12-25,Nurse,383616,628
481,Meera,Patil,Female,2001-11-20,Ahmedabad,Gujarat,2018-10-22,Student,142361,607
482,Isha,Malhotra,Female,2015-06-13,Kolkata,West Bengal,2021-11-25,Marketing Manager,1699540,735
483,Aditya,Patel,Male,2020-06-04,Indore,Madhya Pradesh,2022-01-31,Marketing Manager,1129583,690
484,Rishi,Iyer,Male,1988-06-13,Bengaluru,Karnataka,2019-09-17,Student,120664,595
485,Atharva,Nair,Male,2011-05-23,Hyderabad,Telangana,2019-05-19,Business Owner,1445270,724
486,Neha,Patel,Female,2004-12-25,Hyderabad,Telangana,2023-11-11,Marketing Manager,1334180,700
487,Arjun,Nair,Male,2013-01-07,Mysuru,Karnataka,2019-04-03,Sales Executive,901575,687
488,Nikhil,Gupta,Male,1973-07-08,Nagpur,Maharashtra,2019-06-19,Chartered Accountant,1925038,749
489,Karan,Iyer,Male,2003-07-02,Delhi,Delhi,2022-04-11,Doctor,1237259,700
490,Aarav,Mehta,Male,1978-03-02,Mysuru,Karnataka,2024-08-16,Product Manager,1842860,755
491,Anjali,Iyer,Female,1994-09-07,Mysuru,Karnataka,2020-12-23,Sales Executive,495765,644
492,Sanya,Patel,Female,1984-07-01,Bengaluru,Karnataka,2022-09-30,Doctor,2495749,807
493,Anjali,Sharma,Female,2012-09-08,Surat,Gujarat,2022-03-19,Chartered Accountant,987561,692
494,Neha,Nair,Female,1996-01-10,Ahmedabad,Gujarat,2021-12-14,Teacher,754076,667
495,Dev,Mehta,Male,2006-05-24,Bengaluru,Karnataka,2018-09-17,Student,53249,634
496,Vihaan,Reddy,Male,2007-01-10,Coimbatore,Tamil Nadu,2022-05-30,Marketing Manager,1569714,721
497,Vihaan,Mehta,Male,2014-06-26,Jaipur,Rajasthan,2023-03-09,Nurse,790181,659
498,Pooja,Deshmukh,Female,1978-10-30,Indore,Madhya Pradesh,2022-12-07,Business Owner,2860536,792
499,Rahul,Kulkarni,Male,1990-12-14,Surat,Gujarat,2022-07-04,Marketing Manager,785119,675
500,Riya,Iyer,Female,2007-10-02,Kochi,Kerala,2023-02-27,Data Analyst,694426,639
501,Karan,Chopra,Male,1982-02-10,Pune,Maharashtra,2023-07-29,Data Analyst,1389904,689
502,Ananya,Chopra,Female,1990-12-01,Ahmedabad,Gujarat,2021-10-06,Sales Executive,457439,643
503,Sanya,Mehta,Female,2009-06-30,Nagpur,Maharashtra,2018-07-25,Student,38148,632
504,Priya,Gupta,Female,1989-09-08,Pune,Maharashtra,2024-01-17,Doctor,2290541,758
505,Atharva,Nair,Male,1999-10-17,Mysuru,Karnataka,2024-03-26,Business Owner,2943209,816
506,Arjun,Joshi,Male,2007-02-06,Bengaluru,Karnataka,2022-11-22,Marketing Manager,1239145,684
507,Aditya,Sharma,Male,2021-02-24,Bengaluru,Karnataka,2022-03-12,Sales Executive,912740,686
508,Atharva,Malhotra,Male,2003-08-25,Kochi,Kerala,2020-03-31,Sales Executive,983141,689
509,Aman,Iyer,Male,2020-10-23,Pune,Maharashtra,2018-10-05,Business Owner,3169491,827
510,Arjun,Kulkarni,Male,2012-05-19,Kochi,Kerala,2021-04-09,Teacher,569534,653
511,Neha,Malhotra,Female,2012-11-24,Surat,Gujarat,2020-04-15,Teacher,410520,616
512,Sanya,Patil,Female,1977-05-19,Mumbai,Maharashtra,2019-07-16,Data Analyst,1225249,695
513,Aarav,Malhotra,Male,2023-04-28,Surat,Gujarat,2019-11-04,Sales Executive,631531,664
514,Nisha,Kulkarni,Female,1987-04-01,Delhi,Delhi,2019-08-21,Nurse,458479,641
515,Krishna,Patel,Male,1981-03-14,Bengaluru,Karnataka,2018-07-26,Business Owner,1738556,744
516,Shruti,Malhotra,Female,2011-01-29,Coimbatore,Tamil Nadu,2019-09-27,Software Engineer,1179747,663
517,Rishi,Singh,Male,1993-11-11,Mysuru,Karnataka,2024-07-12,Chartered Accountant,2075610,773
518,Arjun,Malhotra,Male,2002-02-02,Mysuru,Karnataka,2024-02-26,Teacher,509276,654
519,Sai,Sharma,Male,2007-01-29,Hyderabad,Telangana,2019-10-01,Student,76299,607
520,Rohan,Singh,Male,1989-06-28,Nagpur,Maharashtra,2022-10-27,Chartered Accountant,1741741,709
521,Rishi,Iyer,Male,1991-11-14,Mumbai,Maharashtra,2023-11-18,Marketing Manager,852954,655
522,Kavya,Sharma,Female,2017-07-14,Kochi,Kerala,2019-01-16,Teacher,858289,654
523,Meera,Mehta,Female,1980-12-02,Delhi,Delhi,2020-04-04,Product Manager,2186617,752
524,Karan,Malhotra,Male,1975-11-23,Mysuru,Karnataka,2024-07-04,Consultant,1111113,656
525,Priya,Deshmukh,Female,1999-11-27,Ahmedabad,Gujarat,2018-07-25,Product Manager,1898635,736
526,Pooja,Kulkarni,Female,2005-08-25,Hyderabad,Telangana,2020-01-03,Data Analyst,912719,645
527,Aditi,Verma,Female,1983-02-14,Delhi,Delhi,2019-10-23,Consultant,1724732,730
528,Aarav,Sharma,Male,2024-12-14,Delhi,Delhi,2019-02-03,Business Owner,1353519,700
529,Aditi,Iyer,Female,1987-09-10,Surat,Gujarat,2022-01-12,Product Manager,1388818,697
530,Rishi,Patil,Male,2016-01-27,Kolkata,West Bengal,2021-05-27,Product Manager,1747945,709
531,Dev,Kulkarni,Male,1986-09-20,Mumbai,Maharashtra,2023-07-26,Doctor,2324045,779
532,Atharva,Singh,Male,1987-09-14,Bengaluru,Karnataka,2024-05-17,Marketing Manager,788213,664
533,Kavya,Kulkarni,Female,2009-03-17,Mysuru,Karnataka,2024-03-24,Teacher,483288,625
534,Dev,Patel,Male,1982-06-23,Pune,Maharashtra,2018-08-08,Sales Executive,998119,661
535,Vihaan,Reddy,Male,1986-10-10,Nagpur,Maharashtra,2020-12-18,Software Engineer,1789198,731
536,Arjun,Mehta,Male,1983-10-27,Indore,Madhya Pradesh,2018-12-12,Student,57048,609
537,Karan,Reddy,Male,2019-01-03,Kochi,Kerala,2018-09-12,Teacher,426601,644
538,Aditi,Sharma,Female,1988-08-29,Bengaluru,Karnataka,2021-05-28,Chartered Accountant,1076166,701
539,Meera,Malhotra,Female,1973-12-14,Nagpur,Maharashtra,2021-07-24,Business Owner,2507521,760
540,Nikhil,Kulkarni,Male,2018-11-13,Nagpur,Maharashtra,2019-11-16,Product Manager,1922089,764
541,Rohan,Kulkarni,Male,1992-09-10,Indore,Madhya Pradesh,2021-09-18,Nurse,385068,603
542,Ananya,Singh,Female,2002-08-05,Delhi,Delhi,2018-10-10,Consultant,2234604,742
543,Rishi,Patil,Male,2005-10-15,Pune,Maharashtra,2022-08-12,Data Analyst,1282566,714
544,Meera,Deshmukh,Female,2017-03-06,Kochi,Kerala,2023-07-26,Product Manager,1743803,746
545,Anjali,Sharma,Female,2014-10-22,Surat,Gujarat,2024-08-15,Product Manager,2112934,753
546,Shruti,Mehta,Female,1983-05-19,Delhi,Delhi,2018-10-06,Doctor,2774363,792
547,Rohan,Mehta,Male,2023-05-16,Coimbatore,Tamil Nadu,2020-08-27,Sales Executive,452641,633
548,Nisha,Patil,Female,2003-09-23,Ahmedabad,Gujarat,2022-04-02,Business Owner,1165317,674
549,Diya,Mehta,Female,2011-04-05,Indore,Madhya Pradesh,2021-06-02,Software Engineer,1530131,718
550,Vihaan,Malhotra,Male,2015-08-21,Kochi,Kerala,2022-09-11,Business Owner,3336535,838
551,Sneha,Iyer,Female,1992-02-27,Delhi,Delhi,2018-12-07,Chartered Accountant,1726006,730
552,Arjun,Iyer,Male,1997-04-20,Mumbai,Maharashtra,2020-02-07,Nurse,581751,643
553,Vihaan,Kulkarni,Male,1976-09-17,Ahmedabad,Gujarat,2022-03-19,Product Manager,2017196,739
554,Sneha,Iyer,Female,1993-02-06,Nagpur,Maharashtra,2021-12-10,Consultant,1727022,720
555,Kavya,Malhotra,Female,1989-12-25,Delhi,Delhi,2019-10-27,Business Owner,3011209,795
556,Rishi,Deshmukh,Male,1995-01-17,Mumbai,Maharashtra,2023-02-05,Consultant,2278143,758
557,Diya,Patel,Female,2019-02-02,Delhi,Delhi,2022-03-23,Product Manager,1731295,743
558,Aditi,Gupta,Female,2002-09-11,Jaipur,Rajasthan,2022-12-25,Doctor,1820409,731
559,Diya,Verma,Female,2006-09-16,Ahmedabad,Gujarat,2023-11-09,Student,15646,677
560,Kavya,Verma,Female,1978-02-06,Pune,Maharashtra,2019-05-03,Marketing Manager,1490990,712
561,Nisha,Gupta,Female,1986-08-26,Indore,Madhya Pradesh,2024-10-22,Nurse,590583,620
562,Pooja,Deshmukh,Female,1997-05-05,Pune,Maharashtra,2019-08-15,Teacher,882669,641
563,Sneha,Verma,Female,1998-03-09,Jaipur,Rajasthan,2020-09-17,Doctor,2820839,815
564,Sai,Gupta,Male,1980-07-20,Chennai,Tamil Nadu,2022-04-08,Sales Executive,777739,676
565,Kavya,Deshmukh,Female,2024-08-02,Kolkata,West Bengal,2023-07-24,Software Engineer,2016504,744
566,Rohan,Gupta,Male,1978-07-09,Kochi,Kerala,2019-10-27,Doctor,2748420,809
567,Rahul,Joshi,Male,1977-10-14,Indore,Madhya Pradesh,2024-08-02,Doctor,2003147,770
568,Shruti,Deshmukh,Female,2000-09-29,Mysuru,Karnataka,2023-04-29,Teacher,686487,653
569,Aditi,Patil,Female,2005-06-12,Mysuru,Karnataka,2022-06-02,Chartered Accountant,1708487,750
570,Isha,Patel,Female,2013-05-19,Bengaluru,Karnataka,2023-08-16,Business Owner,3472241,839
571,Ananya,Deshmukh,Female,2021-01-17,Mysuru,Karnataka,2023-04-11,Student,146471,655
572,Arjun,Nair,Male,2008-06-22,Hyderabad,Telangana,2023-12-09,Doctor,2985542,833
573,Arjun,Singh,Male,1974-01-15,Kochi,Kerala,2018-06-19,Marketing Manager,1340861,695
574,Isha,Kulkarni,Female,1979-04-04,Indore,Madhya Pradesh,2024-02-25,Data Analyst,1390349,714
575,Sanya,Reddy,Female,1982-12-21,Surat,Gujarat,2021-06-11,Product Manager,1569976,736
576,Nikhil,Nair,Male,2003-08-25,Chennai,Tamil Nadu,2022-06-27,Business Owner,2896360,808
577,Sanya,Deshmukh,Female,1985-11-08,Surat,Gujarat,2023-12-19,Nurse,623255,646
578,Sneha,Kulkarni,Female,1978-11-27,Hyderabad,Telangana,2022-08-20,Data Analyst,1126526,657
579,Karan,Nair,Male,1992-03-07,Chennai,Tamil Nadu,2024-06-07,Nurse,493556,661
580,Aditya,Kulkarni,Male,1994-05-28,Ahmedabad,Gujarat,2023-08-13,Data Analyst,896332,642
581,Anjali,Joshi,Female,2007-06-20,Nagpur,Maharashtra,2024-11-13,Doctor,2693216,776
582,Meera,Kulkarni,Female,1993-01-26,Indore,Madhya Pradesh,2021-06-20,Data Analyst,977216,689
583,Atharva,Sharma,Male,2019-05-24,Surat,Gujarat,2018-10-23,Data Analyst,940936,657
584,Krishna,Patil,Male,1985-06-08,Kochi,Kerala,2023-01-05,Doctor,2255644,743
585,Meera,Gupta,Female,1975-11-19,Jaipur,Rajasthan,2018-06-12,Marketing Manager,1680593,705
586,Priya,Joshi,Female,2003-07-02,Ahmedabad,Gujarat,2021-09-17,Marketing Manager,1182953,674
587,Arjun,Chopra,Male,2024-10-19,Kochi,Kerala,2024-01-09,Nurse,365985,615
588,Aarav,Reddy,Male,1997-01-13,Delhi,Delhi,2022-10-03,Chartered Accountant,1032238,690
589,Shruti,Patel,Female,1983-01-26,Jaipur,Rajasthan,2022-06-27,Business Owner,2947846,828
590,Priya,Patil,Female,1977-11-24,Kolkata,West Bengal,2022-03-02,Marketing Manager,1390854,718
591,Aditi,Patil,Female,2024-08-17,Coimbatore,Tamil Nadu,2019-07-02,Business Owner,2704084,816
592,Priya,Iyer,Female,1990-01-10,Jaipur,Rajasthan,2019-04-04,Business Owner,1494443,702
593,Vihaan,Verma,Male,2019-04-20,Indore,Madhya Pradesh,2018-03-09,Sales Executive,607307,669
594,Nikhil,Joshi,Male,2023-04-02,Bengaluru,Karnataka,2021-04-28,Nurse,762166,631
595,Vihaan,Iyer,Male,2010-06-25,Bengaluru,Karnataka,2018-02-23,Student,140964,617
596,Diya,Deshmukh,Female,2001-04-23,Jaipur,Rajasthan,2021-12-23,Doctor,1420746,681
597,Aman,Iyer,Male,1975-08-16,Chennai,Tamil Nadu,2023-02-07,Data Analyst,959596,651
598,Atharva,Reddy,Male,2015-04-08,Indore,Madhya Pradesh,2023-06-14,Data Analyst,954039,694
599,Pooja,Malhotra,Female,1984-07-01,Kolkata,West Bengal,2019-03-22,Marketing Manager,1226884,696
600,Priya,Iyer,Female,1974-11-22,Mysuru,Karnataka,2020-03-01,Nurse,495915,644
601,Nisha,Verma,Female,2007-06-14,Surat,Gujarat,2019-10-22,Business Owner,1361322,682
602,Vihaan,Kulkarni,Male,2020-08-25,Surat,Gujarat,2022-04-02,Software Engineer,919135,692
603,Krishna,Reddy,Male,1991-04-15,Pune,Maharashtra,2024-06-04,Marketing Manager,848856,657
604,Meera,Gupta,Female,2014-06-01,Indore,Madhya Pradesh,2023-06-08,Student,53928,551
605,Rohan,Malhotra,Male,2007-04-25,Hyderabad,Telangana,2019-03-03,Data Analyst,1219940,672
606,Krishna,Singh,Male,2012-06-05,Jaipur,Rajasthan,2018-10-04,Consultant,1012757,679
607,Sai,Patil,Male,1994-07-02,Ahmedabad,Gujarat,2023-04-08,Nurse,597313,656
608,Vihaan,Malhotra,Male,2007-03-26,Coimbatore,Tamil Nadu,2018-09-14,Nurse,475095,623
609,Sai,Mehta,Male,1993-02-05,Kochi,Kerala,2018-06-06,Teacher,448353,619
610,Aarav,Singh,Male,2009-01-19,Pune,Maharashtra,2020-09-11,Teacher,396375,639
611,Isha,Sharma,Female,2014-12-19,Nagpur,Maharashtra,2018-03-16,Sales Executive,508858,660
612,Aditya,Deshmukh,Male,2020-06-15,Kochi,Kerala,2019-10-29,Consultant,1974007,739
613,Yash,Reddy,Male,2007-03-23,Indore,Madhya Pradesh,2018-01-10,Data Analyst,631155,656
614,Yash,Gupta,Male,2021-03-17,Jaipur,Rajasthan,2018-11-14,Nurse,378436,644
615,Pooja,Nair,Female,1973-09-03,Ahmedabad,Gujarat,2024-04-12,Nurse,459331,609
616,Rishi,Gupta,Male,2014-01-28,Kochi,Kerala,2020-05-05,Data Analyst,1342528,714
617,Rahul,Nair,Male,1980-09-25,Mumbai,Maharashtra,2024-02-15,Marketing Manager,1439304,723
618,Vihaan,Verma,Male,1982-02-01,Bengaluru,Karnataka,2019-01-03,Chartered Accountant,1474616,702
619,Nisha,Joshi,Female,2017-04-26,Nagpur,Maharashtra,2024-10-19,Consultant,1602239,741
620,Aarav,Patel,Male,1976-11-23,Mumbai,Maharashtra,2019-04-11,Student,56067,683
621,Pooja,Nair,Female,2024-07-12,Indore,Madhya Pradesh,2020-05-13,Nurse,744270,679
622,Dev,Sharma,Male,1978-04-10,Kolkata,West Bengal,2018-05-06,Student,35399,660
623,Aditya,Mehta,Male,2012-08-13,Mysuru,Karnataka,2020-11-12,Nurse,420327,621
624,Sanya,Iyer,Female,2002-02-03,Pune,Maharashtra,2022-04-15,Data Analyst,770010,659
625,Rahul,Patil,Male,2015-06-14,Indore,Madhya Pradesh,2024-12-27,Chartered Accountant,1475030,698
626,Sai,Gupta,Male,2003-07-22,Pune,Maharashtra,2020-08-03,Marketing Manager,1448241,702
627,Nikhil,Reddy,Male,1994-05-30,Kochi,Kerala,2021-11-04,Data Analyst,1157859,669
628,Aarav,Chopra,Male,2001-02-16,Kolkata,West Bengal,2022-10-07,Student,88330,643
629,Yash,Patel,Male,1987-06-11,Coimbatore,Tamil Nadu,2020-05-16,Marketing Manager,811994,675
630,Dev,Nair,Male,2019-07-14,Indore,Madhya Pradesh,2019-01-03,Student,55672,605
631,Nisha,Malhotra,Female,1974-03-18,Indore,Madhya Pradesh,2020-12-01,Business Owner,1296313,681
632,Meera,Patil,Female,1998-06-30,Nagpur,Maharashtra,2022-05-21,Teacher,708336,642
633,Vihaan,Verma,Male,1991-10-04,Kolkata,West Bengal,2020-11-28,Consultant,2275647,782
634,Rahul,Patel,Male,1979-01-30,Jaipur,Rajasthan,2022-05-22,Doctor,1363455,678
635,Yash,Sharma,Male,2005-06-02,Mumbai,Maharashtra,2018-11-02,Product Manager,2368740,755
636,Diya,Gupta,Female,1997-07-09,Surat,Gujarat,2023-01-18,Product Manager,1409901,694
637,Neha,Nair,Female,1988-07-12,Surat,Gujarat,2022-12-28,Nurse,399725,633
638,Kavya,Chopra,Female,1975-09-28,Bengaluru,Karnataka,2022-05-09,Teacher,461752,621
639,Diya,Iyer,Female,1973-11-13,Mysuru,Karnataka,2020-02-18,Data Analyst,693832,635
640,Diya,Joshi,Female,1977-01-31,Nagpur,Maharashtra,2019-08-12,Sales Executive,501819,614
641,Isha,Patil,Female,2024-02-03,Mumbai,Maharashtra,2024-07-18,Teacher,415068,609
642,Ananya,Joshi,Female,1984-08-28,Kolkata,West Bengal,2021-12-26,Chartered Accountant,2037036,770
643,Aditya,Iyer,Male,1995-07-25,Kochi,Kerala,2022-02-26,Chartered Accountant,1248610,699
644,Rishi,Kulkarni,Male,1987-11-12,Indore,Madhya Pradesh,2021-03-14,Business Owner,926206,656
645,Dev,Kulkarni,Male,2007-06-15,Kochi,Kerala,2022-02-05,Teacher,844707,652
646,Aarav,Patel,Male,2006-11-06,Ahmedabad,Gujarat,2022-02-21,Teacher,645531,623
647,Pooja,Singh,Female,1982-11-05,Mumbai,Maharashtra,2023-02-27,Marketing Manager,1732127,707
648,Aditi,Singh,Female,1988-07-31,Coimbatore,Tamil Nadu,2020-08-03,Business Owner,2646609,772
649,Rohan,Patel,Male,2005-05-21,Mysuru,Karnataka,2022-12-24,Sales Executive,650693,643
650,Vihaan,Gupta,Male,2016-05-28,Bengaluru,Karnataka,2020-06-03,Consultant,2181658,758
651,Aarav,Nair,Male,1978-01-04,Delhi,Delhi,2020-09-08,Marketing Manager,1057876,684
652,Priya,Patel,Female,2015-10-24,Mumbai,Maharashtra,2020-12-22,Sales Executive,883324,689
653,Vihaan,Reddy,Male,2001-07-02,Coimbatore,Tamil Nadu,2019-02-06,Teacher,644260,664
654,Aditi,Patel,Female,2015-08-07,Surat,Gujarat,2023-05-27,Doctor,1577430,722
655,Rahul,Patil,Male,2019-02-28,Kochi,Kerala,2018-04-11,Student,123287,558
656,Nikhil,Singh,Male,1985-06-26,Ahmedabad,Gujarat,2022-02-01,Product Manager,2012346,742
657,Rishi,Chopra,Male,1989-04-16,Hyderabad,Telangana,2020-07-18,Software Engineer,2154007,761
658,Krishna,Kulkarni,Male,1976-03-17,Kolkata,West Bengal,2021-03-14,Sales Executive,547308,627
659,Shruti,Iyer,Female,1990-11-15,Jaipur,Rajasthan,2018-09-29,Business Owner,904966,684
660,Aarav,Iyer,Male,1993-11-25,Coimbatore,Tamil Nadu,2018-09-27,Sales Executive,791865,665
661,Diya,Kulkarni,Female,1992-05-26,Jaipur,Rajasthan,2020-02-28,Sales Executive,611716,638
662,Isha,Kulkarni,Female,2001-11-09,Kochi,Kerala,2018-05-11,Business Owner,1544524,709
663,Diya,Verma,Female,2023-12-31,Pune,Maharashtra,2022-03-12,Product Manager,1700030,699
664,Karan,Reddy,Male,2013-09-24,Mysuru,Karnataka,2023-04-30,Marketing Manager,1510651,693
665,Priya,Gupta,Female,1997-07-23,Mumbai,Maharashtra,2022-09-01,Product Manager,1487481,717
666,Karan,Iyer,Male,1978-02-04,Indore,Madhya Pradesh,2019-11-19,Teacher,793384,643
667,Karan,Chopra,Male,2009-09-03,Coimbatore,Tamil Nadu,2020-11-03,Consultant,2287695,756
668,Aman,Joshi,Male,2009-07-27,Surat,Gujarat,2019-01-24,Software Engineer,1813476,713
669,Dev,Joshi,Male,1998-11-29,Mumbai,Maharashtra,2019-12-19,Product Manager,2080985,731
670,Sanya,Joshi,Female,2018-12-29,Kochi,Kerala,2024-07-16,Data Analyst,1067953,668
671,Diya,Gupta,Female,2006-02-21,Jaipur,Rajasthan,2023-11-08,Marketing Manager,1104089,682
672,Karan,Malhotra,Male,2024-02-26,Mysuru,Karnataka,2022-04-14,Product Manager,1736152,743
673,Sai,Iyer,Male,1996-01-31,Delhi,Delhi,2018-10-28,Nurse,738644,632
674,Priya,Patil,Female,1973-11-06,Hyderabad,Telangana,2022-12-28,Sales Executive,756547,673
675,Krishna,Iyer,Male,1993-11-18,Kochi,Kerala,2022-10-30,Data Analyst,817214,668
676,Neha,Deshmukh,Female,1993-11-05,Indore,Madhya Pradesh,2022-02-27,Nurse,721310,650
677,Diya,Singh,Female,2005-09-22,Kochi,Kerala,2019-06-07,Teacher,575384,634
678,Aarav,Gupta,Male,2009-06-04,Nagpur,Maharashtra,2024-11-28,Business Owner,1126290,687
679,Kavya,Mehta,Female,2004-11-23,Delhi,Delhi,2021-11-14,Nurse,747630,656
680,Sneha,Reddy,Female,1974-07-27,Coimbatore,Tamil Nadu,2019-10-22,Business Owner,2350661,754
681,Sanya,Gupta,Female,1991-04-17,Ahmedabad,Gujarat,2020-10-15,Nurse,660469,672
682,Atharva,Reddy,Male,1999-12-24,Kolkata,West Bengal,2020-11-13,Product Manager,1335750,710
683,Sanya,Patil,Female,1977-01-30,Indore,Madhya Pradesh,2020-03-23,Software Engineer,2148884,766
684,Shruti,Gupta,Female,1975-08-06,Mysuru,Karnataka,2018-10-14,Software Engineer,1263263,672
685,Aarav,Deshmukh,Male,1988-08-24,Bengaluru,Karnataka,2020-12-21,Nurse,761721,645
686,Aarav,Patel,Male,1980-12-04,Mumbai,Maharashtra,2020-03-23,Product Manager,2185389,756
687,Yash,Iyer,Male,1999-03-01,Hyderabad,Telangana,2022-09-06,Nurse,601051,635
688,Ananya,Malhotra,Female,1996-09-02,Mumbai,Maharashtra,2019-10-28,Doctor,1391670,681
689,Aman,Joshi,Male,2002-06-22,Nagpur,Maharashtra,2021-10-31,Marketing Manager,1731361,710
690,Karan,Malhotra,Male,1977-08-02,Delhi,Delhi,2019-09-23,Nurse,571678,640
691,Shruti,Sharma,Female,2000-12-03,Bengaluru,Karnataka,2018-10-23,Sales Executive,498785,615
692,Rohan,Reddy,Male,2013-07-21,Surat,Gujarat,2023-04-03,Teacher,447855,649
693,Meera,Nair,Female,1974-03-02,Nagpur,Maharashtra,2020-02-29,Consultant,1352541,680
694,Priya,Reddy,Female,2017-12-17,Mysuru,Karnataka,2022-10-01,Marketing Manager,1395933,723
695,Aarav,Kulkarni,Male,1975-02-05,Surat,Gujarat,2020-06-24,Marketing Manager,1309864,684
696,Meera,Kulkarni,Female,1989-06-28,Indore,Madhya Pradesh,2020-04-18,Doctor,2589397,780
697,Aditya,Sharma,Male,2014-07-09,Bengaluru,Karnataka,2021-10-20,Nurse,725536,671
698,Neha,Iyer,Female,2000-06-22,Delhi,Delhi,2018-08-16,Consultant,1561655,694
699,Ananya,Iyer,Female,1994-03-11,Delhi,Delhi,2019-09-12,Product Manager,1714163,729
700,Rohan,Iyer,Male,2018-06-15,Mumbai,Maharashtra,2023-11-06,Chartered Accountant,1899201,747
701,Nisha,Patel,Female,1979-04-10,Mumbai,Maharashtra,2024-12-29,Business Owner,2634175,798
702,Arjun,Reddy,Male,2019-01-23,Ahmedabad,Gujarat,2020-06-27,Sales Executive,733699,658
703,Nisha,Verma,Female,2020-12-25,Hyderabad,Telangana,2023-01-05,Nurse,514981,651
704,Vihaan,Reddy,Male,1980-11-14,Coimbatore,Tamil Nadu,2021-02-15,Product Manager,1278385,703
705,Vihaan,Singh,Male,1976-02-20,Ahmedabad,Gujarat,2021-05-13,Student,17967,637
706,Riya,Patel,Female,2008-04-28,Nagpur,Maharashtra,2019-01-21,Nurse,735872,631
707,Arjun,Malhotra,Male,1985-02-07,Kochi,Kerala,2023-12-11,Data Analyst,1334168,676
708,Sneha,Chopra,Female,2009-06-11,Delhi,Delhi,2019-11-24,Teacher,532120,638
709,Shruti,Iyer,Female,1984-01-18,Hyderabad,Telangana,2020-09-21,Sales Executive,978741,653
710,Arjun,Verma,Male,2007-09-06,Indore,Madhya Pradesh,2023-04-21,Teacher,543940,652
711,Nisha,Singh,Female,1991-02-05,Chennai,Tamil Nadu,2019-06-15,Nurse,451532,639
712,Rishi,Chopra,Male,2003-05-22,Delhi,Delhi,2020-10-12,Software Engineer,1435103,712
713,Sanya,Verma,Female,2001-10-22,Nagpur,Maharashtra,2021-07-07,Product Manager,1916386,758
714,Rahul,Nair,Male,1972-12-30,Pune,Maharashtra,2020-08-07,Consultant,1621014,693
715,Meera,Sharma,Female,1976-05-09,Indore,Madhya Pradesh,2021-09-01,Teacher,683226,642
716,Isha,Iyer,Female,2004-08-24,Jaipur,Rajasthan,2022-06-04,Business Owner,1991010,728
717,Aarav,Malhotra,Male,2009-10-27,Ahmedabad,Gujarat,2024-05-11,Teacher,404753,650
718,Nikhil,Deshmukh,Male,2000-07-05,Kolkata,West Bengal,2020-11-03,Marketing Manager,1383482,700
719,Sanya,Joshi,Female,1994-07-02,Nagpur,Maharashtra,2024-01-18,Nurse,526375,655
720,Atharva,Malhotra,Male,1988-06-23,Kolkata,West Bengal,2021-08-02,Product Manager,2337908,787
721,Nikhil,Chopra,Male,2022-02-17,Kolkata,West Bengal,2023-02-10,Chartered Accountant,1886119,763
722,Nisha,Verma,Female,1992-03-13,Kolkata,West Bengal,2021-10-26,Chartered Accountant,1422913,683
723,Vihaan,Iyer,Male,1975-04-27,Indore,Madhya Pradesh,2018-04-15,Teacher,738002,633
724,Krishna,Verma,Male,1990-10-16,Pune,Maharashtra,2023-03-08,Student,105341,629
725,Neha,Joshi,Female,2024-09-22,Ahmedabad,Gujarat,2023-04-12,Chartered Accountant,1623437,740
726,Shruti,Chopra,Female,2024-06-01,Hyderabad,Telangana,2019-03-10,Consultant,2132050,764
727,Krishna,Singh,Male,1974-01-17,Chennai,Tamil Nadu,2020-07-19,Teacher,568545,639
728,Anjali,Patil,Female,1984-03-10,Surat,Gujarat,2024-05-17,Software Engineer,1867901,748
729,Ananya,Verma,Female,2011-07-03,Nagpur,Maharashtra,2019-01-14,Product Manager,2298237,761
730,Aditi,Kulkarni,Female,1978-03-04,Kochi,Kerala,2020-06-16,Chartered Accountant,1809048,717
731,Diya,Verma,Female,2010-05-20,Mumbai,Maharashtra,2020-04-06,Chartered Accountant,1532844,708
732,Krishna,Gupta,Male,2017-11-15,Kochi,Kerala,2018-02-14,Student,37553,646
733,Aditya,Sharma,Male,2022-06-15,Indore,Madhya Pradesh,2019-04-08,Consultant,1658565,699
734,Rohan,Gupta,Male,2018-01-22,Pune,Maharashtra,2020-05-31,Marketing Manager,1669729,706
735,Aditya,Deshmukh,Male,2012-04-22,Ahmedabad,Gujarat,2018-05-05,Business Owner,1371478,713
736,Meera,Joshi,Female,2010-09-10,Bengaluru,Karnataka,2020-06-05,Marketing Manager,1682074,701
737,Nikhil,Sharma,Male,2003-07-05,Kochi,Kerala,2019-11-09,Nurse,760405,645
738,Priya,Gupta,Female,1988-09-23,Kolkata,West Bengal,2020-08-08,Consultant,1266758,679
739,Aman,Singh,Male,1992-05-08,Surat,Gujarat,2021-01-21,Business Owner,2942777,793
740,Ananya,Singh,Female,1980-09-25,Kolkata,West Bengal,2018-10-13,Marketing Manager,1570409,699
741,Pooja,Deshmukh,Female,1992-05-28,Ahmedabad,Gujarat,2024-02-03,Chartered Accountant,1756173,752
742,Rohan,Kulkarni,Male,2009-10-13,Nagpur,Maharashtra,2021-12-31,Consultant,1814318,727
743,Sneha,Patil,Female,2012-12-16,Bengaluru,Karnataka,2018-12-15,Product Manager,1605007,729
744,Aditi,Gupta,Female,1989-06-17,Mysuru,Karnataka,2022-09-07,Sales Executive,861190,687
745,Pooja,Joshi,Female,2019-07-04,Coimbatore,Tamil Nadu,2020-03-21,Sales Executive,933714,652
746,Rohan,Patel,Male,2007-05-22,Hyderabad,Telangana,2018-10-13,Business Owner,1221275,686
747,Kavya,Iyer,Female,2008-02-24,Surat,Gujarat,2019-09-16,Sales Executive,974527,646
748,Rishi,Reddy,Male,2015-10-06,Surat,Gujarat,2021-12-22,Marketing Manager,1542313,715
749,Sneha,Gupta,Female,1973-05-04,Ahmedabad,Gujarat,2019-08-19,Student,95904,652
750,Meera,Mehta,Female,1992-09-11,Ahmedabad,Gujarat,2021-10-24,Product Manager,2352153,782
751,Diya,Deshmukh,Female,1983-05-06,Mysuru,Karnataka,2019-07-11,Software Engineer,2192654,755
752,Pooja,Singh,Female,2005-08-05,Mysuru,Karnataka,2023-11-06,Software Engineer,1633666,729
753,Diya,Singh,Female,2002-10-30,Mumbai,Maharashtra,2020-11-08,Business Owner,3357337,850
754,Ananya,Iyer,Female,2007-10-09,Kochi,Kerala,2018-10-03,Chartered Accountant,2030244,723
755,Anjali,Iyer,Female,2017-05-26,Mysuru,Karnataka,2019-10-19,Nurse,547792,616
756,Rohan,Kulkarni,Male,1985-08-07,Pune,Maharashtra,2019-08-25,Doctor,1678123,712
757,Sai,Joshi,Male,1982-08-06,Mumbai,Maharashtra,2019-08-13,Marketing Manager,887887,689
758,Sai,Chopra,Male,1976-07-25,Bengaluru,Karnataka,2023-07-29,Nurse,552248,642
759,Rahul,Chopra,Male,1989-02-02,Surat,Gujarat,2024-09-11,Product Manager,1832702,711
760,Aarav,Deshmukh,Male,1976-06-27,Mumbai,Maharashtra,2018-03-31,Chartered Accountant,1253298,673
761,Sneha,Patel,Female,1990-09-14,Nagpur,Maharashtra,2024-10-31,Chartered Accountant,1315303,694
762,Rishi,Nair,Male,2008-01-21,Hyderabad,Telangana,2022-08-03,Doctor,2135657,745
763,Ananya,Patil,Female,1988-09-11,Surat,Gujarat,2019-11-10,Product Manager,1519275,736
764,Diya,Verma,Female,1978-04-11,Ahmedabad,Gujarat,2022-12-30,Marketing Manager,770372,681
765,Riya,Reddy,Female,2024-08-20,Indore,Madhya Pradesh,2018-02-26,Sales Executive,860317,639
766,Diya,Nair,Female,1986-03-21,Delhi,Delhi,2018-07-17,Marketing Manager,1783262,714
767,Sneha,Verma,Female,1987-01-15,Chennai,Tamil Nadu,2018-01-19,Marketing Manager,1779689,705
768,Neha,Verma,Female,1989-12-12,Ahmedabad,Gujarat,2024-05-23,Business Owner,2514569,780
769,Meera,Malhotra,Female,1987-06-16,Jaipur,Rajasthan,2021-07-19,Business Owner,1600536,709
770,Nikhil,Patil,Male,1973-05-16,Kochi,Kerala,2024-07-03,Nurse,521078,633
771,Nisha,Mehta,Female,1987-03-16,Hyderabad,Telangana,2024-06-07,Marketing Manager,1724966,718
772,Krishna,Malhotra,Male,1977-02-25,Kolkata,West Bengal,2019-09-03,Business Owner,1146514,695
773,Anjali,Joshi,Female,2018-07-12,Jaipur,Rajasthan,2022-10-17,Nurse,352290,605
774,Vihaan,Nair,Male,1983-03-10,Mysuru,Karnataka,2024-10-18,Business Owner,2653034,815
775,Aditi,Verma,Female,2006-01-13,Coimbatore,Tamil Nadu,2019-02-04,Software Engineer,1935691,762
776,Priya,Patel,Female,1996-02-23,Ahmedabad,Gujarat,2021-02-12,Chartered Accountant,1331368,704
777,Nisha,Mehta,Female,1997-11-23,Surat,Gujarat,2023-02-12,Student,83282,652
778,Aditi,Sharma,Female,1985-12-26,Surat,Gujarat,2021-04-24,Software Engineer,2162319,767
779,Atharva,Patil,Male,2006-10-07,Kolkata,West Bengal,2020-10-17,Doctor,2909031,820
780,Krishna,Singh,Male,1980-10-13,Pune,Maharashtra,2018-12-02,Software Engineer,1351749,703
781,Anjali,Verma,Female,1999-02-04,Mumbai,Maharashtra,2021-11-06,Consultant,1288610,677
782,Rahul,Deshmukh,Male,2017-11-09,Kolkata,West Bengal,2020-12-02,Chartered Accountant,1244445,676
783,Krishna,Chopra,Male,1993-01-25,Kochi,Kerala,2020-10-21,Doctor,1327777,686
784,Dev,Mehta,Male,1978-08-25,Mysuru,Karnataka,2022-04-19,Marketing Manager,1630177,707
785,Sai,Malhotra,Male,2001-01-17,Coimbatore,Tamil Nadu,2018-09-05,Nurse,551084,629
786,Pooja,Chopra,Female,1990-07-26,Delhi,Delhi,2020-11-26,Product Manager,2291900,786
787,Yash,Iyer,Male,1988-01-14,Chennai,Tamil Nadu,2019-07-16,Sales Executive,892377,671
788,Meera,Iyer,Female,2022-09-10,Mumbai,Maharashtra,2023-07-31,Consultant,1588898,701
789,Anjali,Patel,Female,2007-01-20,Hyderabad,Telangana,2019-04-05,Product Manager,2245788,776
790,Kavya,Nair,Female,2022-02-07,Jaipur,Rajasthan,2019-12-31,Chartered Accountant,960112,665
791,Krishna,Patel,Male,2013-10-30,Mysuru,Karnataka,2022-02-22,Consultant,2337517,790
792,Pooja,Malhotra,Female,1990-09-25,Ahmedabad,Gujarat,2024-02-04,Student,45844,642
793,Karan,Kulkarni,Male,1999-04-13,Mysuru,Karnataka,2020-09-27,Nurse,657527,627
794,Ananya,Kulkarni,Female,1979-05-08,Delhi,Delhi,2020-04-22,Marketing Manager,1764228,746
795,Nikhil,Chopra,Male,1982-11-21,Bengaluru,Karnataka,2021-03-20,Data Analyst,802544,676
796,Arjun,Sharma,Male,1980-11-03,Chennai,Tamil Nadu,2021-02-22,Chartered Accountant,2092176,772
797,Yash,Nair,Male,2020-10-13,Hyderabad,Telangana,2020-01-11,Software Engineer,2101858,741
798,Dev,Chopra,Male,1982-02-09,Bengaluru,Karnataka,2020-05-12,Data Analyst,880443,676
799,Diya,Nair,Female,1975-05-27,Chennai,Tamil Nadu,2018-10-03,Consultant,2363142,775
800,Rishi,Verma,Male,1997-03-31,Indore,Madhya Pradesh,2023-10-08,Product Manager,2097192,751
801,Aarav,Sharma,Male,2020-08-28,Chennai,Tamil Nadu,2022-04-27,Product Manager,1979715,766
802,Riya,Deshmukh,Female,2006-03-10,Hyderabad,Telangana,2020-11-10,Marketing Manager,997090,658
803,Aditya,Deshmukh,Male,1984-03-08,Mumbai,Maharashtra,2019-10-18,Doctor,2254453,776
804,Yash,Singh,Male,2014-07-22,Chennai,Tamil Nadu,2024-02-05,Software Engineer,1021830,664
805,Sneha,Kulkarni,Female,1973-07-03,Indore,Madhya Pradesh,2020-09-17,Chartered Accountant,1406410,727
806,Rishi,Singh,Male,2007-10-03,Jaipur,Rajasthan,2022-10-25,Chartered Accountant,1899018,762
807,Rohan,Patil,Male,1977-05-18,Kolkata,West Bengal,2023-01-28,Marketing Manager,1200882,665
808,Rohan,Patel,Male,1980-05-11,Mysuru,Karnataka,2021-09-20,Data Analyst,955276,686
809,Sai,Reddy,Male,1979-08-24,Mysuru,Karnataka,2023-09-29,Sales Executive,656254,666
810,Aditya,Joshi,Male,2002-01-30,Chennai,Tamil Nadu,2019-03-11,Nurse,619246,647
811,Karan,Sharma,Male,1983-12-21,Coimbatore,Tamil Nadu,2019-10-04,Student,15305,622
812,Atharva,Sharma,Male,2019-09-21,Mumbai,Maharashtra,2020-02-23,Marketing Manager,1548149,698
813,Rahul,Kulkarni,Male,1996-03-21,Chennai,Tamil Nadu,2023-02-03,Data Analyst,851831,666
814,Aman,Kulkarni,Male,2008-09-22,Ahmedabad,Gujarat,2019-02-18,Teacher,777768,637
815,Kavya,Iyer,Female,1996-11-14,Bengaluru,Karnataka,2021-09-14,Teacher,389742,628
816,Shruti,Chopra,Female,1979-03-10,Chennai,Tamil Nadu,2019-09-30,Data Analyst,673878,627
817,Arjun,Malhotra,Male,1981-12-12,Ahmedabad,Gujarat,2022-04-16,Marketing Manager,1724338,717
818,Vihaan,Patil,Male,2017-06-14,Indore,Madhya Pradesh,2024-04-23,Sales Executive,706123,630
819,Sneha,Deshmukh,Female,2016-05-19,Mumbai,Maharashtra,2022-11-27,Product Manager,1252741,710
820,Karan,Verma,Male,1979-09-16,Pune,Maharashtra,2019-04-08,Chartered Accountant,1403367,680
821,Karan,Verma,Male,2004-03-16,Mysuru,Karnataka,2019-11-30,Nurse,785097,655
822,Shruti,Chopra,Female,1987-07-03,Mysuru,Karnataka,2022-11-29,Sales Executive,588377,618
823,Vihaan,Gupta,Male,2011-08-17,Surat,Gujarat,2020-08-21,Student,40731,616
824,Vihaan,Reddy,Male,1981-03-28,Chennai,Tamil Nadu,2020-06-24,Software Engineer,1220873,666
825,Aditi,Chopra,Female,2001-07-18,Mysuru,Karnataka,2024-04-08,Consultant,1826923,749
826,Arjun,Gupta,Male,2016-04-25,Bengaluru,Karnataka,2021-10-13,Product Manager,1983706,742
827,Karan,Joshi,Male,2018-02-07,Ahmedabad,Gujarat,2019-06-12,Marketing Manager,746936,655
828,Diya,Mehta,Female,1976-11-24,Nagpur,Maharashtra,2023-12-19,Doctor,1778373,712
829,Nisha,Iyer,Female,2015-09-22,Delhi,Delhi,2020-10-16,Nurse,617821,654
830,Riya,Joshi,Female,2009-01-20,Mysuru,Karnataka,2018-05-11,Doctor,2212034,757
831,Aman,Singh,Male,2005-02-06,Kolkata,West Bengal,2021-06-08,Sales Executive,776922,636
832,Shruti,Patil,Female,1993-12-18,Bengaluru,Karnataka,2022-11-06,Student,67058,643
833,Arjun,Gupta,Male,2003-08-25,Pune,Maharashtra,2022-01-17,Business Owner,935739,670
834,Nisha,Reddy,Female,2003-07-12,Bengaluru,Karnataka,2021-10-12,Sales Executive,513840,658
835,Krishna,Patel,Male,1990-08-31,Hyderabad,Telangana,2021-01-10,Sales Executive,445327,652
836,Dev,Iyer,Male,2010-09-05,Kolkata,West Bengal,2022-12-05,Doctor,2083379,736
837,Sneha,Patil,Female,1987-02-22,Nagpur,Maharashtra,2021-12-13,Doctor,1327226,715
838,Atharva,Sharma,Male,1988-07-06,Kolkata,West Bengal,2018-08-09,Business Owner,2578526,776
839,Nikhil,Reddy,Male,2018-09-03,Hyderabad,Telangana,2019-05-04,Data Analyst,884807,667
840,Meera,Joshi,Female,2008-02-25,Pune,Maharashtra,2022-05-17,Product Manager,1995413,771
841,Aman,Iyer,Male,2001-10-16,Mumbai,Maharashtra,2021-09-25,Product Manager,1273537,707
842,Rohan,Sharma,Male,2024-05-14,Jaipur,Rajasthan,2024-11-07,Teacher,658064,629
843,Aman,Chopra,Male,1994-08-01,Kolkata,West Bengal,2020-08-13,Sales Executive,737643,636
844,Karan,Iyer,Male,1981-01-23,Delhi,Delhi,2023-09-21,Sales Executive,528284,628
845,Krishna,Joshi,Male,2005-07-28,Chennai,Tamil Nadu,2018-03-05,Teacher,471638,630
846,Priya,Patil,Female,2010-11-18,Kolkata,West Bengal,2020-09-24,Chartered Accountant,2131538,746
847,Diya,Sharma,Female,2022-05-05,Delhi,Delhi,2021-05-29,Doctor,2184372,784
848,Pooja,Sharma,Female,2007-02-09,Pune,Maharashtra,2023-03-08,Teacher,533699,663
849,Riya,Nair,Female,1982-05-16,Nagpur,Maharashtra,2020-11-30,Nurse,580910,622
850,Pooja,Chopra,Female,1973-03-07,Bengaluru,Karnataka,2018-10-04,Data Analyst,695398,636
851,Ananya,Nair,Female,2018-07-18,Chennai,Tamil Nadu,2023-02-09,Doctor,2672151,792
852,Shruti,Deshmukh,Female,2018-10-18,Mumbai,Maharashtra,2023-12-03,Sales Executive,519529,636
853,Sanya,Gupta,Female,1992-10-07,Bengaluru,Karnataka,2022-05-07,Chartered Accountant,1603550,730
854,Isha,Reddy,Female,2006-02-15,Mumbai,Maharashtra,2019-04-14,Chartered Accountant,2015682,763
855,Sneha,Iyer,Female,1983-03-18,Ahmedabad,Gujarat,2021-10-18,Product Manager,2075372,728
856,Priya,Nair,Female,1987-07-09,Pune,Maharashtra,2020-03-20,Student,139337,664
857,Neha,Joshi,Female,1988-06-12,Bengaluru,Karnataka,2023-02-16,Product Manager,1986313,766
858,Aarav,Nair,Male,2001-10-06,Bengaluru,Karnataka,2022-07-03,Student,11056,677
859,Nisha,Kulkarni,Female,1988-07-04,Delhi,Delhi,2018-10-04,Student,45743,597
860,Nisha,Patil,Female,1985-03-15,Delhi,Delhi,2024-11-16,Product Manager,2268568,761
861,Riya,Gupta,Female,2016-05-09,Nagpur,Maharashtra,2024-11-30,Data Analyst,741300,646
862,Isha,Patil,Female,2021-12-27,Bengaluru,Karnataka,2024-12-01,Consultant,1365963,717
863,Shruti,Chopra,Female,2023-10-30,Hyderabad,Telangana,2019-06-02,Chartered Accountant,1935127,744
864,Rishi,Sharma,Male,1982-07-17,Ahmedabad,Gujarat,2018-11-27,Consultant,2210042,739
865,Arjun,Reddy,Male,1979-04-15,Kolkata,West Bengal,2019-12-27,Marketing Manager,749003,630
866,Krishna,Patel,Male,2013-09-17,Kolkata,West Bengal,2023-12-23,Teacher,541336,626
867,Anjali,Patil,Female,1975-04-29,Hyderabad,Telangana,2019-06-24,Chartered Accountant,1681651,702
868,Aarav,Mehta,Male,1983-10-29,Surat,Gujarat,2018-07-27,Product Manager,1813589,749
869,Isha,Malhotra,Female,1980-10-29,Surat,Gujarat,2020-04-19,Sales Executive,694582,660
870,Nikhil,Sharma,Male,1998-09-03,Surat,Gujarat,2020-07-21,Doctor,1391862,719
871,Meera,Mehta,Female,1985-11-11,Kolkata,West Bengal,2022-04-14,Nurse,634587,650
872,Nisha,Reddy,Female,1990-08-20,Coimbatore,Tamil Nadu,2020-06-21,Doctor,1767806,751
873,Aditya,Verma,Male,2008-07-10,Mysuru,Karnataka,2018-07-06,Teacher,449587,620
874,Nisha,Iyer,Female,2018-09-23,Coimbatore,Tamil Nadu,2021-11-26,Marketing Manager,1716526,701
875,Neha,Kulkarni,Female,2004-02-27,Nagpur,Maharashtra,2023-07-26,Nurse,694974,650
876,Yash,Reddy,Male,2011-02-14,Nagpur,Maharashtra,2020-01-26,Sales Executive,931427,656
877,Rahul,Verma,Male,2004-09-06,Bengaluru,Karnataka,2024-05-28,Data Analyst,876494,656
878,Diya,Patel,Female,1998-04-12,Coimbatore,Tamil Nadu,2022-03-24,Consultant,2113509,742
879,Neha,Reddy,Female,2000-02-21,Pune,Maharashtra,2020-11-06,Product Manager,2357931,782
880,Aman,Reddy,Male,1999-03-11,Nagpur,Maharashtra,2019-01-27,Student,114126,669
881,Sanya,Patil,Female,2012-03-04,Surat,Gujarat,2020-02-14,Data Analyst,763716,657
882,Yash,Malhotra,Male,2001-06-30,Nagpur,Maharashtra,2020-06-24,Student,113772,649
883,Sneha,Patel,Female,2024-10-17,Nagpur,Maharashtra,2020-02-18,Product Manager,2196240,773
884,Krishna,Patil,Male,2016-08-07,Delhi,Delhi,2019-02-11,Software Engineer,1317834,699
885,Dev,Reddy,Male,2024-02-14,Ahmedabad,Gujarat,2019-02-22,Marketing Manager,1612982,706
886,Diya,Verma,Female,1993-06-19,Jaipur,Rajasthan,2024-06-04,Product Manager,1927205,739
887,Krishna,Reddy,Male,1987-02-17,Mumbai,Maharashtra,2021-06-11,Product Manager,1729464,736
888,Aarav,Chopra,Male,1977-07-08,Jaipur,Rajasthan,2020-03-19,Teacher,565824,621
889,Isha,Chopra,Female,1996-07-28,Mumbai,Maharashtra,2023-06-28,Product Manager,1725059,701
890,Anjali,Singh,Female,2006-04-27,Bengaluru,Karnataka,2020-09-20,Nurse,566825,623
891,Rishi,Sharma,Male,2002-07-13,Mumbai,Maharashtra,2019-03-19,Sales Executive,914121,691
892,Rohan,Kulkarni,Male,1976-04-11,Hyderabad,Telangana,2021-07-07,Business Owner,2527005,801
893,Priya,Joshi,Female,1979-07-05,Chennai,Tamil Nadu,2024-12-09,Marketing Manager,1624204,737
894,Meera,Reddy,Female,2015-09-10,Delhi,Delhi,2021-01-29,Product Manager,2052097,751
895,Rahul,Sharma,Male,1992-05-04,Delhi,Delhi,2023-03-05,Consultant,1414034,713
896,Vihaan,Patil,Male,2011-08-24,Hyderabad,Telangana,2018-02-06,Software Engineer,1442906,720
897,Diya,Deshmukh,Female,1990-04-09,Kolkata,West Bengal,2023-04-10,Product Manager,1829618,736
898,Aditya,Patil,Male,1973-03-21,Chennai,Tamil Nadu,2021-04-28,Software Engineer,1700993,727
899,Riya,Mehta,Female,2003-03-13,Bengaluru,Karnataka,2018-10-06,Product Manager,1301784,712
900,Arjun,Sharma,Male,1999-06-25,Kochi,Kerala,2021-06-06,Marketing Manager,1040535,658
901,Aman,Patil,Male,1999-10-24,Mumbai,Maharashtra,2018-04-14,Nurse,543306,659
902,Karan,Nair,Male,2017-12-18,Ahmedabad,Gujarat,2022-08-27,Data Analyst,723513,661
903,Isha,Singh,Female,2007-05-11,Coimbatore,Tamil Nadu,2019-03-14,Business Owner,1756518,727
904,Atharva,Singh,Male,2006-12-18,Ahmedabad,Gujarat,2022-05-30,Marketing Manager,1284645,676
905,Rahul,Singh,Male,1991-03-15,Mysuru,Karnataka,2019-09-21,Sales Executive,808691,682
906,Kavya,Deshmukh,Female,2019-07-28,Jaipur,Rajasthan,2019-12-03,Business Owner,1423596,696
907,Vihaan,Gupta,Male,2010-05-01,Pune,Maharashtra,2018-12-01,Software Engineer,2187421,763
908,Anjali,Mehta,Female,1978-08-24,Coimbatore,Tamil Nadu,2019-02-24,Data Analyst,1024758,669
909,Nikhil,Nair,Male,1984-05-07,Hyderabad,Telangana,2023-04-23,Data Analyst,616571,621
910,Yash,Kulkarni,Male,1980-04-19,Ahmedabad,Gujarat,2019-01-06,Marketing Manager,1107852,694
911,Aditya,Joshi,Male,2010-05-21,Kolkata,West Bengal,2022-12-12,Doctor,2428876,768
912,Sanya,Sharma,Female,1981-09-28,Jaipur,Rajasthan,2024-02-03,Student,107013,628
913,Rishi,Patel,Male,2011-05-17,Mumbai,Maharashtra,2018-09-20,Consultant,2354502,760
914,Diya,Singh,Female,1989-09-25,Mysuru,Karnataka,2024-06-10,Business Owner,889710,658
915,Meera,Iyer,Female,2022-05-16,Mysuru,Karnataka,2021-01-30,Student,133469,571
916,Nikhil,Gupta,Male,2003-07-12,Coimbatore,Tamil Nadu,2020-07-26,Chartered Accountant,1141036,678
917,Shruti,Joshi,Female,1995-03-09,Hyderabad,Telangana,2022-08-16,Marketing Manager,1274220,706
918,Sai,Singh,Male,1991-04-16,Mysuru,Karnataka,2019-07-07,Marketing Manager,968431,681
919,Vihaan,Joshi,Male,1988-09-23,Kolkata,West Bengal,2022-01-16,Doctor,2646714,808
920,Sai,Singh,Male,1981-08-07,Nagpur,Maharashtra,2021-05-15,Student,27391,597
921,Diya,Patil,Female,2010-08-19,Delhi,Delhi,2018-06-26,Teacher,761117,655
922,Priya,Iyer,Female,2023-05-21,Ahmedabad,Gujarat,2021-03-16,Business Owner,3188800,833
923,Priya,Nair,Female,2018-12-12,Nagpur,Maharashtra,2021-10-14,Marketing Manager,1676395,699
924,Rohan,Patil,Male,1979-10-25,Surat,Gujarat,2024-04-06,Product Manager,1953731,768
925,Anjali,Reddy,Female,2015-08-18,Coimbatore,Tamil Nadu,2021-09-23,Doctor,2461159,778
926,Rishi,Gupta,Male,1988-11-05,Ahmedabad,Gujarat,2019-11-29,Data Analyst,763232,666
927,Krishna,Iyer,Male,1982-03-07,Kolkata,West Bengal,2023-11-19,Product Manager,1500987,730
928,Rishi,Reddy,Male,1998-11-17,Hyderabad,Telangana,2021-05-24,Data Analyst,880493,652
929,Anjali,Sharma,Female,1992-09-19,Chennai,Tamil Nadu,2022-04-06,Sales Executive,413250,633
930,Nisha,Sharma,Female,1993-06-25,Mumbai,Maharashtra,2022-07-10,Doctor,1704355,700
931,Krishna,Verma,Male,2018-03-17,Chennai,Tamil Nadu,2019-01-05,Teacher,820188,653
932,Aarav,Iyer,Male,1975-11-05,Jaipur,Rajasthan,2019-05-26,Consultant,944107,684
933,Riya,Deshmukh,Female,2008-09-30,Kolkata,West Bengal,2019-09-25,Marketing Manager,1670652,714
934,Neha,Deshmukh,Female,1981-01-22,Bengaluru,Karnataka,2024-06-05,Student,88042,661
935,Nikhil,Joshi,Male,2002-03-31,Jaipur,Rajasthan,2018-07-14,Marketing Manager,1478262,715
936,Aarav,Iyer,Male,1996-05-01,Mysuru,Karnataka,2021-01-27,Business Owner,2997151,822
937,Pooja,Singh,Female,2023-10-28,Kochi,Kerala,2021-07-25,Data Analyst,1322123,710
938,Nikhil,Patel,Male,1984-06-10,Bengaluru,Karnataka,2020-05-08,Product Manager,1638492,726
939,Priya,Iyer,Female,2012-12-19,Surat,Gujarat,2023-05-29,Software Engineer,1263727,670
940,Krishna,Patel,Male,2013-08-03,Mumbai,Maharashtra,2018-05-07,Software Engineer,1908207,761
941,Riya,Patel,Female,1993-10-19,Chennai,Tamil Nadu,2019-07-21,Software Engineer,2129532,757
942,Atharva,Joshi,Male,2017-01-29,Ahmedabad,Gujarat,2022-08-30,Business Owner,1040207,692
943,Atharva,Sharma,Male,2011-09-02,Jaipur,Rajasthan,2020-04-09,Teacher,701960,626
944,Vihaan,Chopra,Male,2010-12-04,Pune,Maharashtra,2023-06-30,Nurse,608496,642
945,Karan,Nair,Male,2001-04-20,Jaipur,Rajasthan,2018-02-21,Business Owner,3434305,842
946,Meera,Patel,Female,2021-08-22,Coimbatore,Tamil Nadu,2023-11-29,Business Owner,1234822,696
947,Sai,Patil,Male,2017-09-01,Mumbai,Maharashtra,2022-11-06,Marketing Manager,752188,637
948,Sanya,Reddy,Female,2000-04-10,Kolkata,West Bengal,2018-07-07,Consultant,1783461,747
949,Diya,Malhotra,Female,2015-07-25,Pune,Maharashtra,2020-10-10,Chartered Accountant,2109992,758
950,Aditi,Joshi,Female,1977-09-12,Ahmedabad,Gujarat,2021-09-21,Doctor,2338805,761
951,Anjali,Malhotra,Female,1975-08-08,Jaipur,Rajasthan,2022-10-30,Sales Executive,979094,686
952,Karan,Verma,Male,2000-04-03,Coimbatore,Tamil Nadu,2023-12-25,Software Engineer,1507160,727
953,Aditya,Iyer,Male,1978-05-04,Surat,Gujarat,2020-09-27,Software Engineer,1245449,682
954,Aman,Nair,Male,1993-04-20,Kolkata,West Bengal,2023-12-06,Consultant,1582604,730
955,Nikhil,Reddy,Male,1982-01-18,Kolkata,West Bengal,2020-10-09,Sales Executive,941094,668
956,Sneha,Reddy,Female,1988-09-07,Coimbatore,Tamil Nadu,2024-04-06,Doctor,1977392,721
957,Nisha,Singh,Female,1983-12-13,Pune,Maharashtra,2019-10-31,Software Engineer,1732958,737
958,Atharva,Iyer,Male,1986-12-19,Mumbai,Maharashtra,2022-04-05,Product Manager,1836703,743
959,Karan,Malhotra,Male,2014-03-20,Mumbai,Maharashtra,2023-09-09,Product Manager,2221728,744
960,Dev,Deshmukh,Male,2000-07-20,Kochi,Kerala,2020-07-27,Software Engineer,1013759,665
961,Dev,Reddy,Male,2012-04-14,Nagpur,Maharashtra,2023-11-07,Chartered Accountant,1171353,671
962,Shruti,Patil,Female,1986-01-08,Chennai,Tamil Nadu,2024-05-10,Sales Executive,689025,641
963,Aditya,Mehta,Male,2006-05-12,Kolkata,West Bengal,2019-09-15,Teacher,371329,645
964,Rohan,Reddy,Male,1973-07-21,Mysuru,Karnataka,2021-06-08,Chartered Accountant,1105870,703
965,Anjali,Reddy,Female,2014-11-09,Ahmedabad,Gujarat,2024-01-23,Product Manager,2128475,737
966,Atharva,Nair,Male,1989-02-14,Indore,Madhya Pradesh,2019-10-25,Teacher,426979,654
967,Vihaan,Malhotra,Male,2008-12-25,Ahmedabad,Gujarat,2018-12-08,Product Manager,1717682,729
968,Rishi,Nair,Male,2013-04-28,Ahmedabad,Gujarat,2019-04-24,Software Engineer,1732323,723
969,Rohan,Mehta,Male,2012-01-26,Kochi,Kerala,2021-11-21,Sales Executive,957555,668
970,Dev,Nair,Male,1999-04-09,Mumbai,Maharashtra,2022-09-11,Doctor,1812317,754
971,Rohan,Nair,Male,2012-11-07,Hyderabad,Telangana,2021-03-02,Teacher,853972,656
972,Meera,Malhotra,Female,1983-08-20,Mumbai,Maharashtra,2023-01-16,Data Analyst,1194363,690
973,Isha,Singh,Female,2008-06-06,Mysuru,Karnataka,2019-02-27,Teacher,876366,683
974,Yash,Nair,Male,1973-07-15,Bengaluru,Karnataka,2023-05-25,Business Owner,2238474,763
975,Yash,Patil,Male,1980-07-19,Surat,Gujarat,2022-05-27,Student,40897,628
976,Riya,Deshmukh,Female,2002-02-05,Mysuru,Karnataka,2023-01-01,Sales Executive,701715,675
977,Meera,Mehta,Female,1988-07-13,Nagpur,Maharashtra,2020-11-06,Student,131145,554
978,Shruti,Reddy,Female,1997-08-17,Pune,Maharashtra,2024-01-06,Sales Executive,792398,646
979,Nisha,Sharma,Female,2009-11-14,Coimbatore,Tamil Nadu,2020-03-16,Nurse,769468,674
980,Vihaan,Patil,Male,2000-10-24,Bengaluru,Karnataka,2022-03-17,Teacher,784826,655
981,Diya,Nair,Female,2007-11-25,Hyderabad,Telangana,2019-03-17,Teacher,422163,624
982,Karan,Verma,Male,2010-02-04,Coimbatore,Tamil Nadu,2021-12-08,Consultant,1776827,745
983,Rohan,Patil,Male,2018-06-30,Jaipur,Rajasthan,2024-02-02,Business Owner,2182032,751
984,Kavya,Singh,Female,2013-01-09,Surat,Gujarat,2018-06-02,Sales Executive,990427,679
985,Rahul,Sharma,Male,1987-04-08,Kolkata,West Bengal,2018-08-19,Chartered Accountant,1525007,736
986,Dev,Kulkarni,Male,2017-09-12,Bengaluru,Karnataka,2021-05-08,Sales Executive,963617,671
987,Aarav,Verma,Male,1988-06-28,Mumbai,Maharashtra,2020-04-28,Nurse,398445,628
988,Dev,Gupta,Male,2000-01-28,Kolkata,West Bengal,2022-01-20,Data Analyst,748504,664
989,Diya,Nair,Female,1984-02-21,Bengaluru,Karnataka,2018-06-29,Data Analyst,1110753,676
990,Rishi,Verma,Male,1998-01-13,Chennai,Tamil Nadu,2022-03-02,Sales Executive,644246,639
991,Krishna,Deshmukh,Male,2013-08-27,Nagpur,Maharashtra,2021-11-24,Product Manager,2449567,799
992,Nisha,Gupta,Female,1990-02-02,Mumbai,Maharashtra,2021-05-28,Chartered Accountant,1473509,717
993,Rahul,Reddy,Male,2022-10-09,Mumbai,Maharashtra,2021-10-01,Business Owner,1767447,743
994,Ananya,Sharma,Female,2011-08-27,Coimbatore,Tamil Nadu,2022-03-03,Doctor,2246785,753
995,Arjun,Kulkarni,Male,2004-05-21,Surat,Gujarat,2024-04-17,Sales Executive,773398,675
996,Aditi,Chopra,Female,2024-08-07,Pune,Maharashtra,2018-05-02,Consultant,2043516,768
997,Diya,Reddy,Female,2001-04-02,Ahmedabad,Gujarat,2023-08-02,Teacher,806427,684
998,Krishna,Sharma,Male,1992-07-22,Coimbatore,Tamil Nadu,2021-08-29,Sales Executive,400576,648
999,Isha,Patil,Female,1985-04-10,Surat,Gujarat,2022-12-21,Nurse,677233,666
1000,Arjun,Gupta,Male,1989-06-24,Coimbatore,Tamil Nadu,2020-03-20,Doctor,2035001,745
